blockchain,num_swaps,period,unique_swap_addresses,volume
base,51640,2025-04-19 00:00:00.000 UTC,10543,3648582.9809620962
bnb,33506,2025-05-12 00:00:00.000 UTC,4882,9419866.522322185
arbitrum,68290,2025-05-10 00:00:00.000 UTC,4510,44126896.291050695
arbitrum,10481,2025-02-15 00:00:00.000 UTC,788,2127662.899471642
arbitrum,24892,2025-02-21 00:00:00.000 UTC,1038,9176734.138864296
optimism,11496,2025-03-11 00:00:00.000 UTC,1096,182610.88997334114
base,95978,2025-05-28 00:00:00.000 UTC,26313,7394954.500873353
avalanche_c,821,2025-02-07 00:00:00.000 UTC,148,11499.474071139004
base,56803,2025-04-01 00:00:00.000 UTC,10770,5234949.944743699
unichain,18578,2025-03-23 00:00:00.000 UTC,14315,116715.63375267398
ethereum,12419,2025-05-03 00:00:00.000 UTC,4228,138490163.99956194
base,122729,2025-06-03 00:00:00.000 UTC,38345,7902301.349853452
blast,24,2025-05-04 00:00:00.000 UTC,14,0.9686323633407887
optimism,23647,2025-05-26 00:00:00.000 UTC,4015,576640.5709315285
arbitrum,17397,2025-04-20 00:00:00.000 UTC,2424,5205802.750106383
optimism,5346,2025-04-12 00:00:00.000 UTC,900,78613.35832306958
unichain,14748,2025-04-03 00:00:00.000 UTC,4519,105671.774309171
arbitrum,21466,2025-03-25 00:00:00.000 UTC,3243,5631704.1337162675
zora,133,2025-04-07 00:00:00.000 UTC,7,679.7515813793691
blast,41,2025-05-06 00:00:00.000 UTC,25,3.0529362653011627
worldchain,7,2025-02-25 00:00:00.000 UTC,4,4.893173873438016
unichain,67541,2025-04-23 00:00:00.000 UTC,6414,460536590.93372995
ethereum,12883,2025-04-06 00:00:00.000 UTC,4490,239952479.6205375
worldchain,34210,2025-04-18 00:00:00.000 UTC,97,7280.25779631938
optimism,25003,2025-05-20 00:00:00.000 UTC,3416,1146479.2810996633
bnb,10155,2025-03-14 00:00:00.000 UTC,3051,233234.72869903152
polygon,27962,2025-04-13 00:00:00.000 UTC,2909,2508353.0508046173
zora,8,2025-02-08 00:00:00.000 UTC,3,122.69416480863374
unichain,91167,2025-05-05 00:00:00.000 UTC,6424,326447003.52325875
optimism,10594,2025-02-27 00:00:00.000 UTC,990,144887.88808914687
blast,26,2025-03-15 00:00:00.000 UTC,14,1.3623482391196307
worldchain,26757,2025-04-04 00:00:00.000 UTC,40,2132.8510162718653
polygon,28430,2025-03-06 00:00:00.000 UTC,2935,1702962.990578074
ethereum,2843,2025-02-01 00:00:00.000 UTC,1319,2188908.233074956
polygon,13798,2025-02-02 00:00:00.000 UTC,1393,677440.1654647879
blast,10,2025-02-11 00:00:00.000 UTC,7,1.8691473615725234
bnb,6,2025-01-24 00:00:00.000 UTC,5,1.65728068457602
zora,3,2025-02-20 00:00:00.000 UTC,2,27.56944047878304
blast,1,2025-02-16 00:00:00.000 UTC,1,0.1416117595472769
ethereum,17254,2025-03-19 00:00:00.000 UTC,6600,33711844.182752416
arbitrum,31308,2025-03-19 00:00:00.000 UTC,3036,13027602.355507307
base,96646,2025-05-15 00:00:00.000 UTC,13183,19791831.46164542
polygon,28776,2025-03-12 00:00:00.000 UTC,3179,1444117.6570016225
zora,64,2025-04-20 00:00:00.000 UTC,13,203.22241962945606
blast,16,2025-02-28 00:00:00.000 UTC,7,4.226327193004246
base,45010,2025-02-28 00:00:00.000 UTC,8390,3090814.1764088906
arbitrum,50116,2025-04-07 00:00:00.000 UTC,3984,15004255.670737123
avalanche_c,3296,2025-05-26 00:00:00.000 UTC,551,54045.54630180957
bnb,8439,2025-02-10 00:00:00.000 UTC,2099,708121.0799266646
avalanche_c,2416,2025-04-23 00:00:00.000 UTC,303,31815.630657837948
optimism,18,2025-01-26 00:00:00.000 UTC,6,2.4085889296524474
arbitrum,71231,2025-05-21 00:00:00.000 UTC,4557,75732174.66538556
ethereum,18324,2025-05-29 00:00:00.000 UTC,6854,524456465.33749336
avalanche_c,1626,2025-03-28 00:00:00.000 UTC,357,26315.685862465467
avalanche_c,952,2025-03-11 00:00:00.000 UTC,261,11941.353862043423
polygon,18353,2025-02-20 00:00:00.000 UTC,2128,1439354.4093554143
worldchain,26339,2025-06-01 00:00:00.000 UTC,111,6625.851264772685
bnb,24268,2025-05-18 00:00:00.000 UTC,5860,13451822.437146923
bnb,17632,2025-04-29 00:00:00.000 UTC,9430,2278648.551721668
ethereum,17744,2025-05-26 00:00:00.000 UTC,5687,299793699.149873
avalanche_c,2479,2025-06-01 00:00:00.000 UTC,630,38935.84346090006
avalanche_c,2352,2025-04-24 00:00:00.000 UTC,456,21273.418919417094
ethereum,9172,2025-02-07 00:00:00.000 UTC,4600,11401278.69204315
base,117604,2025-05-29 00:00:00.000 UTC,19973,13578952.884444013
optimism,11308,2025-03-05 00:00:00.000 UTC,1104,118426.82490532947
bnb,243013,2025-06-01 00:00:00.000 UTC,22596,265386400.4170924
ethereum,13999,2025-02-27 00:00:00.000 UTC,5230,33881254.15698061
base,43600,2025-02-20 00:00:00.000 UTC,9462,5792496.820115388
base,19746,2025-02-15 00:00:00.000 UTC,4701,1143745.7179381724
ethereum,14697,2025-03-05 00:00:00.000 UTC,5691,29632193.26883735
ethereum,14499,2025-04-26 00:00:00.000 UTC,4333,150345856.76065257
unichain,78430,2025-06-01 00:00:00.000 UTC,4347,190275025.7729605
avalanche_c,1730,2025-04-26 00:00:00.000 UTC,299,15925.756770745413
ethereum,14685,2025-03-02 00:00:00.000 UTC,6045,84949524.08649345
worldchain,46195,2025-05-02 00:00:00.000 UTC,126,11560.99827592356
blast,15,2025-03-18 00:00:00.000 UTC,5,2.089306117536437
zora,77,2025-04-01 00:00:00.000 UTC,9,296.98661058272046
zora,11,2025-03-10 00:00:00.000 UTC,2,182.57555551851135
ethereum,10798,2025-04-20 00:00:00.000 UTC,3531,77181934.70083733
arbitrum,44467,2025-06-03 00:00:00.000 UTC,5588,25399618.524219785
unichain,7359,2025-03-22 00:00:00.000 UTC,2526,95149.97893111168
optimism,9110,2025-04-06 00:00:00.000 UTC,1456,264426.5881344873
worldchain,16499,2025-03-22 00:00:00.000 UTC,23,1230.1052656888737
blast,26,2025-05-30 00:00:00.000 UTC,11,4.355069902739836
blast,14,2025-03-21 00:00:00.000 UTC,8,1.0259183406726138
bnb,22820,2025-05-06 00:00:00.000 UTC,7528,2233056.1330388514
unichain,95257,2025-05-07 00:00:00.000 UTC,6151,351322468.5714342
bnb,13136,2025-03-02 00:00:00.000 UTC,4668,781090.6465233767
optimism,11455,2025-04-26 00:00:00.000 UTC,1602,165558.62816546837
ethereum,11502,2025-04-19 00:00:00.000 UTC,3979,153755375.26774392
avalanche_c,516,2025-02-05 00:00:00.000 UTC,135,6677.945462846144
worldchain,8978,2025-03-29 00:00:00.000 UTC,27,1825.0034896977381
zora,2,2025-02-19 00:00:00.000 UTC,1,0.29760659829319075
optimism,28734,2025-05-23 00:00:00.000 UTC,2756,1606233.3674482722
unichain,4573,2025-03-04 00:00:00.000 UTC,633,290658.5349085766
polygon,36288,2025-04-25 00:00:00.000 UTC,4305,3366218.302244118
avalanche_c,980,2025-05-03 00:00:00.000 UTC,260,7495.049346418272
optimism,12631,2025-03-06 00:00:00.000 UTC,1312,159521.29836766457
avalanche_c,1977,2025-03-08 00:00:00.000 UTC,702,40516.6930914309
worldchain,49348,2025-05-23 00:00:00.000 UTC,238,39211.58718014419
bnb,23844,2025-05-11 00:00:00.000 UTC,3991,6666578.479111471
unichain,9722,2025-03-31 00:00:00.000 UTC,5336,75326.4803773138
ethereum,10913,2025-03-27 00:00:00.000 UTC,4290,101488906.04404873
polygon,15643,2025-02-16 00:00:00.000 UTC,2049,1003352.4972837192
unichain,158371,2025-05-23 00:00:00.000 UTC,11516,513479285.7244561
blast,26,2025-05-16 00:00:00.000 UTC,17,2.299476742419079
unichain,156,2025-01-31 00:00:00.000 UTC,85,148027.7694967502
zora,159,2025-03-24 00:00:00.000 UTC,32,304.85131139675747
blast,23,2025-06-03 00:00:00.000 UTC,17,2.213713354202142
blast,12,2025-05-03 00:00:00.000 UTC,12,0.7397116816305477
worldchain,50014,2025-04-27 00:00:00.000 UTC,85,14926.463608382424
optimism,10035,2025-03-28 00:00:00.000 UTC,1290,135726.90788780386
unichain,577,2025-02-10 00:00:00.000 UTC,169,248859.2602738951
blast,21,2025-02-25 00:00:00.000 UTC,8,2.8940320029719104
arbitrum,32910,2025-04-21 00:00:00.000 UTC,3335,9019637.380321337
polygon,26131,2025-03-24 00:00:00.000 UTC,3887,1282135.9183114124
unichain,142,2025-02-05 00:00:00.000 UTC,63,124011.16927448535
bnb,5660,2025-02-16 00:00:00.000 UTC,1711,164843.60425581073
blast,4,2025-02-14 00:00:00.000 UTC,3,0.4666781136363343
bnb,26381,2025-05-15 00:00:00.000 UTC,4776,17809027.182060085
arbitrum,32778,2025-04-02 00:00:00.000 UTC,2867,13559690.551677156
arbitrum,25368,2025-05-04 00:00:00.000 UTC,2960,12603711.250429666
optimism,9163,2025-03-31 00:00:00.000 UTC,1948,126424.20175249889
optimism,32730,2025-05-29 00:00:00.000 UTC,4654,1567260.3791118667
zora,152,2025-04-04 00:00:00.000 UTC,7,1207.6547897263931
ethereum,14527,2025-02-28 00:00:00.000 UTC,5676,44648007.27756161
ethereum,8422,2025-02-06 00:00:00.000 UTC,4720,9637220.777643643
polygon,37589,2025-05-16 00:00:00.000 UTC,4166,7127648.099194664
polygon,51232,2025-05-13 00:00:00.000 UTC,5919,6077086.859214489
avalanche_c,309,2025-02-04 00:00:00.000 UTC,69,2193.524323126518
avalanche_c,1652,2025-05-08 00:00:00.000 UTC,487,46952.391612175554
avalanche_c,3551,2025-06-04 00:00:00.000 UTC,1072,51603.97031183555
zora,53,2025-03-29 00:00:00.000 UTC,15,99.72183848172523
zora,31,2025-05-27 00:00:00.000 UTC,5,31.203032594449173
ethereum,17,2025-01-29 00:00:00.000 UTC,10,1537.3201002026653
base,74033,2025-04-29 00:00:00.000 UTC,13358,16858508.00393989
optimism,11161,2025-05-02 00:00:00.000 UTC,1618,178799.5761639177
base,66469,2025-04-02 00:00:00.000 UTC,9812,6503913.475538394
optimism,7451,2025-04-21 00:00:00.000 UTC,1500,103950.57103342554
ethereum,16044,2025-06-02 00:00:00.000 UTC,6105,283027139.80482465
avalanche_c,1859,2025-03-02 00:00:00.000 UTC,520,35869.516961183755
polygon,20040,2025-02-11 00:00:00.000 UTC,2966,1650132.0272348444
worldchain,34,2025-03-04 00:00:00.000 UTC,9,94.11713207867672
worldchain,9970,2025-03-17 00:00:00.000 UTC,20,137.8971531647057
optimism,14083,2025-03-25 00:00:00.000 UTC,1372,115692.02626859935
avalanche_c,1360,2025-04-19 00:00:00.000 UTC,255,8663.92649180897
optimism,9320,2025-02-03 00:00:00.000 UTC,278,1071126.1307948183
avalanche_c,896,2025-04-06 00:00:00.000 UTC,297,12877.475605794501
blast,41,2025-05-13 00:00:00.000 UTC,20,5.774187265593679
blast,1,2025-01-24 00:00:00.000 UTC,1,1.000889
zora,27,2025-05-16 00:00:00.000 UTC,3,31.69102860906668
ethereum,8753,2025-02-04 00:00:00.000 UTC,4765,10684484.5051475
base,31300,2025-03-01 00:00:00.000 UTC,7543,1188646.142596029
optimism,32994,2025-05-12 00:00:00.000 UTC,2937,1849857.2883188855
optimism,9782,2025-05-04 00:00:00.000 UTC,1661,133355.28185802267
base,24484,2025-02-10 00:00:00.000 UTC,4817,3067066.3102712715
bnb,8866,2025-03-31 00:00:00.000 UTC,1529,635205.5435980619
arbitrum,25288,2025-03-20 00:00:00.000 UTC,2837,6815095.86393436
ethereum,10558,2025-04-01 00:00:00.000 UTC,4106,73137335.80585085
base,32818,2025-04-05 00:00:00.000 UTC,5927,1707344.8579946412
polygon,50851,2025-05-08 00:00:00.000 UTC,6035,6102564.370821053
unichain,13342,2025-04-05 00:00:00.000 UTC,3973,47556.75203052792
worldchain,47615,2025-04-24 00:00:00.000 UTC,72,7840.8544658694755
polygon,15860,2025-03-15 00:00:00.000 UTC,2762,635489.6995515263
polygon,19254,2025-02-14 00:00:00.000 UTC,2218,1481195.0147965504
blast,22,2025-03-29 00:00:00.000 UTC,13,2.4952529548387985
worldchain,17,2025-02-13 00:00:00.000 UTC,4,27.98752240374082
base,58935,2025-03-14 00:00:00.000 UTC,10993,8947886.384368625
unichain,23395,2025-04-18 00:00:00.000 UTC,5596,53982854.400623806
worldchain,40908,2025-03-26 00:00:00.000 UTC,36,1840.770146056503
avalanche_c,354,2025-02-19 00:00:00.000 UTC,79,1166.699786857592
zora,17,2025-06-02 00:00:00.000 UTC,3,23.418304628966695
base,56984,2025-03-04 00:00:00.000 UTC,11498,3106970.903630165
unichain,79213,2025-05-02 00:00:00.000 UTC,5586,254950134.99414685
arbitrum,67782,2025-05-20 00:00:00.000 UTC,4782,47135018.793716505
bnb,15662,2025-03-26 00:00:00.000 UTC,4556,1070756.1508544993
optimism,13746,2025-03-07 00:00:00.000 UTC,1208,183258.95979617734
blast,7,2025-04-16 00:00:00.000 UTC,4,1.103830626252416
bnb,23098,2025-05-05 00:00:00.000 UTC,3869,2570444.3516254127
bnb,6499,2025-02-22 00:00:00.000 UTC,1794,218999.83508223802
avalanche_c,1811,2025-03-05 00:00:00.000 UTC,523,15711.45248531586
avalanche_c,1285,2025-03-19 00:00:00.000 UTC,300,20218.073323674173
blast,29,2025-06-04 00:00:00.000 UTC,17,2.6420203469624677
bnb,23355,2025-05-13 00:00:00.000 UTC,4176,8710556.681832714
bnb,22732,2025-05-02 00:00:00.000 UTC,3257,2523792.0801318632
worldchain,21744,2025-03-31 00:00:00.000 UTC,28,1508.1218592201146
base,86049,2025-05-31 00:00:00.000 UTC,13644,5027398.023390547
polygon,22144,2025-03-18 00:00:00.000 UTC,3446,1003024.1374539435
optimism,14634,2025-03-20 00:00:00.000 UTC,1535,139180.31081268025
zora,84,2025-04-25 00:00:00.000 UTC,16,107.98196191197377
worldchain,30312,2025-05-18 00:00:00.000 UTC,133,12108.462109323551
bnb,1982831,2025-05-21 00:00:00.000 UTC,79971,3634545376.8803496
arbitrum,7950,2025-02-02 00:00:00.000 UTC,454,2126348.224913659
zora,189,2025-03-05 00:00:00.000 UTC,118,847.0083886351397
zora,44,2025-04-30 00:00:00.000 UTC,7,32.03242316091705
worldchain,11,2025-02-22 00:00:00.000 UTC,4,3.9526637968541443
arbitrum,26300,2025-03-18 00:00:00.000 UTC,2356,7587011.941086899
avalanche_c,1743,2025-05-02 00:00:00.000 UTC,333,19186.73623002549
arbitrum,45587,2025-02-27 00:00:00.000 UTC,2234,18951333.647328522
bnb,9162,2025-04-20 00:00:00.000 UTC,2556,837676.9537379225
optimism,46,2025-01-27 00:00:00.000 UTC,9,6.524588212453632
worldchain,3,2025-02-01 00:00:00.000 UTC,2,7.476122399565903
zora,2,2025-01-31 00:00:00.000 UTC,1,0.28499195770499997
arbitrum,14667,2025-04-19 00:00:00.000 UTC,2325,2682512.1924596205
arbitrum,38822,2025-04-14 00:00:00.000 UTC,2747,11105566.974368788
base,120537,2025-05-27 00:00:00.000 UTC,29130,8366707.440152297
polygon,18710,2025-03-30 00:00:00.000 UTC,2494,788757.9321695222
avalanche_c,943,2025-03-17 00:00:00.000 UTC,202,16831.924892575757
worldchain,29499,2025-04-01 00:00:00.000 UTC,34,3031.091850277348
worldchain,12,2025-02-20 00:00:00.000 UTC,3,13.673086730610045
avalanche_c,2,2025-01-25 00:00:00.000 UTC,1,1.2936315234937166
ethereum,11750,2025-02-21 00:00:00.000 UTC,4665,59222633.38172021
polygon,19941,2025-04-18 00:00:00.000 UTC,7150,1234678.4480777462
zora,29,2025-05-02 00:00:00.000 UTC,7,23.55926930481483
base,41711,2025-03-02 00:00:00.000 UTC,9167,3258476.458631824
blast,15,2025-04-23 00:00:00.000 UTC,8,1.0382904956322665
base,63357,2025-04-30 00:00:00.000 UTC,11419,14680206.82033756
ethereum,11845,2025-03-17 00:00:00.000 UTC,5007,12220502.135872895
optimism,11472,2025-04-09 00:00:00.000 UTC,1090,267467.9019184339
worldchain,37411,2025-04-20 00:00:00.000 UTC,77,4493.885360443862
worldchain,8306,2025-03-11 00:00:00.000 UTC,18,150.06728112680062
optimism,28880,2025-05-14 00:00:00.000 UTC,3066,1725453.9875675403
base,30292,2025-02-17 00:00:00.000 UTC,5795,2723214.8116655583
ethereum,10376,2025-03-31 00:00:00.000 UTC,3788,51819431.104282424
bnb,14166,2025-04-01 00:00:00.000 UTC,6132,1038800.5620856548
optimism,24076,2025-06-02 00:00:00.000 UTC,2426,790041.5457943896
unichain,14758,2025-04-06 00:00:00.000 UTC,3895,129336.50422470248
ethereum,14848,2025-04-21 00:00:00.000 UTC,4697,125330041.44425133
optimism,10747,2025-04-15 00:00:00.000 UTC,3760,489314.8192682079
polygon,30844,2025-03-03 00:00:00.000 UTC,3241,1985823.293687364
worldchain,44763,2025-05-09 00:00:00.000 UTC,180,7300.958066211995
base,361,2025-01-29 00:00:00.000 UTC,22,15953.583038896062
unichain,1,2025-01-24 00:00:00.000 UTC,1,0.33648136580326354
base,75578,2025-04-17 00:00:00.000 UTC,11786,8630611.886719355
base,68790,2025-03-21 00:00:00.000 UTC,12548,8433852.843558054
optimism,12930,2025-04-28 00:00:00.000 UTC,1709,217735.35099226746
optimism,9033,2025-04-01 00:00:00.000 UTC,1275,154854.61639445304
ethereum,13977,2025-05-12 00:00:00.000 UTC,5082,248266079.78136256
optimism,6838,2025-02-09 00:00:00.000 UTC,733,142038.11455402948
avalanche_c,3184,2025-05-10 00:00:00.000 UTC,657,79924.55354118685
optimism,10035,2025-03-27 00:00:00.000 UTC,1402,121617.70868635706
bnb,17511,2025-04-07 00:00:00.000 UTC,1511,766352.8301977383
arbitrum,35383,2025-06-01 00:00:00.000 UTC,4069,20521665.553239815
worldchain,49879,2025-05-25 00:00:00.000 UTC,164,13250.659103555648
blast,7,2025-02-23 00:00:00.000 UTC,7,0.5596459408705107
blast,33,2025-05-28 00:00:00.000 UTC,16,2.195790990567241
unichain,31109,2025-04-17 00:00:00.000 UTC,5531,175978707.97673342
optimism,11006,2025-02-28 00:00:00.000 UTC,1151,239291.81935513794
unichain,8036,2025-03-29 00:00:00.000 UTC,2714,79388.02536472691
unichain,91095,2025-04-30 00:00:00.000 UTC,6142,324795230.88756526
base,112249,2025-05-22 00:00:00.000 UTC,14494,20272903.24660135
avalanche_c,3296,2025-05-31 00:00:00.000 UTC,753,70621.07973742676
blast,26,2025-03-22 00:00:00.000 UTC,12,3.832947328362731
blast,30,2025-05-07 00:00:00.000 UTC,17,2.361723512983247
zora,39,2025-03-04 00:00:00.000 UTC,2,318.40067081960115
base,83698,2025-05-06 00:00:00.000 UTC,12750,21887811.084610622
polygon,15529,2025-03-22 00:00:00.000 UTC,3074,403665.8717437602
unichain,9558,2025-02-25 00:00:00.000 UTC,4071,1103568.4551970842
bnb,2187,2025-02-01 00:00:00.000 UTC,439,101045.85659219683
blast,10,2025-02-18 00:00:00.000 UTC,5,1.4879543798262767
zora,223,2025-04-13 00:00:00.000 UTC,25,789.903135910236
zora,76,2025-03-17 00:00:00.000 UTC,2,212.56738598738355
worldchain,71,2025-02-07 00:00:00.000 UTC,1,10.934969688738178
bnb,33119,2025-05-09 00:00:00.000 UTC,4246,3806608.7556255674
arbitrum,66248,2025-05-11 00:00:00.000 UTC,4145,61390521.65458365
bnb,15654,2025-03-19 00:00:00.000 UTC,5130,1190494.0669393027
ethereum,14580,2025-03-20 00:00:00.000 UTC,5886,35870285.97081587
avalanche_c,1173,2025-02-21 00:00:00.000 UTC,191,16490.67056171198
unichain,3229,2025-03-16 00:00:00.000 UTC,728,94331.2526490033
zora,1,2025-02-13 00:00:00.000 UTC,1,28.53136959674268
base,59841,2025-04-04 00:00:00.000 UTC,7742,5981584.787773796
ethereum,14845,2025-05-10 00:00:00.000 UTC,5071,139082318.14383495
polygon,2111,2025-01-30 00:00:00.000 UTC,91,163180.1758262906
avalanche_c,978,2025-03-12 00:00:00.000 UTC,285,11485.351068600847
base,55058,2025-03-16 00:00:00.000 UTC,10091,8104379.626274561
polygon,36242,2025-05-07 00:00:00.000 UTC,4931,4092178.9657404055
polygon,30454,2025-05-01 00:00:00.000 UTC,4096,3563462.3054952673
base,87550,2025-05-14 00:00:00.000 UTC,12984,19692432.510450076
bnb,6808,2025-02-20 00:00:00.000 UTC,2089,209039.8447741453
bnb,186389,2025-05-30 00:00:00.000 UTC,22474,168945795.54637012
polygon,25514,2025-02-18 00:00:00.000 UTC,2229,2271394.6215758775
unichain,199,2025-01-29 00:00:00.000 UTC,99,158110.13434696238
ethereum,16934,2025-05-31 00:00:00.000 UTC,6448,284442859.10942125
unichain,3667,2025-03-10 00:00:00.000 UTC,376,198721.17617041426
blast,10,2025-01-30 00:00:00.000 UTC,9,35.14338769086123
zora,71,2025-05-18 00:00:00.000 UTC,6,85.5690634108772
blast,7,2025-04-18 00:00:00.000 UTC,3,0.27746650094473196
optimism,27078,2025-05-19 00:00:00.000 UTC,3094,1178531.8619653888
base,56044,2025-02-04 00:00:00.000 UTC,7023,12687338.778622054
polygon,35348,2025-05-28 00:00:00.000 UTC,4668,5453644.133705366
arbitrum,32826,2025-03-13 00:00:00.000 UTC,2205,9329785.225788921
ethereum,18706,2025-05-18 00:00:00.000 UTC,5473,157007092.52526736
avalanche_c,3961,2025-05-18 00:00:00.000 UTC,683,182258.25423048864
optimism,16893,2025-03-19 00:00:00.000 UTC,1516,266618.93687308126
bnb,5251,2025-02-15 00:00:00.000 UTC,1635,153895.50344035693
avalanche_c,2460,2025-04-21 00:00:00.000 UTC,380,21929.234316282687
zora,93,2025-03-31 00:00:00.000 UTC,15,245.55620156398203
worldchain,31118,2025-04-07 00:00:00.000 UTC,37,2735.651992379085
arbitrum,36081,2025-04-10 00:00:00.000 UTC,3196,11495743.269057652
ethereum,12639,2025-03-09 00:00:00.000 UTC,5090,17686281.19080258
polygon,26315,2025-03-02 00:00:00.000 UTC,3323,2585489.8391009495
worldchain,18,2025-02-15 00:00:00.000 UTC,4,511.64802520491446
zora,103,2025-03-16 00:00:00.000 UTC,1,230.8588548499047
base,77039,2025-04-18 00:00:00.000 UTC,11066,7240246.37138527
arbitrum,35921,2025-05-05 00:00:00.000 UTC,3447,21827587.65368037
arbitrum,34034,2025-05-24 00:00:00.000 UTC,3702,19857968.36216987
optimism,7317,2025-03-15 00:00:00.000 UTC,1243,70476.25151263156
zora,1,2025-02-18 00:00:00.000 UTC,1,45.24174091929021
unichain,19943,2025-04-13 00:00:00.000 UTC,4103,111064.42600161537
blast,21,2025-05-01 00:00:00.000 UTC,15,1.0902392355928725
avalanche_c,1710,2025-04-27 00:00:00.000 UTC,323,15740.3005027833
worldchain,8,2025-02-21 00:00:00.000 UTC,4,5.816109287160197
bnb,22897,2025-05-03 00:00:00.000 UTC,2978,2728204.8642104883
ethereum,12506,2025-02-11 00:00:00.000 UTC,7474,16596792.386248257
ethereum,10783,2025-02-17 00:00:00.000 UTC,4310,24944814.627237454
bnb,21323,2025-03-18 00:00:00.000 UTC,7080,1237736.2836286882
optimism,14299,2025-03-21 00:00:00.000 UTC,1518,99212.71245649122
optimism,9184,2025-04-16 00:00:00.000 UTC,1434,139450.9864163834
worldchain,47071,2025-05-22 00:00:00.000 UTC,234,41335.35915096381
bnb,162467,2025-05-22 00:00:00.000 UTC,22382,118319001.10009857
worldchain,13521,2025-03-19 00:00:00.000 UTC,33,569.9369063328301
arbitrum,36305,2025-04-04 00:00:00.000 UTC,2469,15599122.432151515
arbitrum,25860,2025-03-14 00:00:00.000 UTC,2775,7294425.703115875
polygon,25778,2025-02-24 00:00:00.000 UTC,2163,2424108.2195413997
avalanche_c,74,2025-02-02 00:00:00.000 UTC,18,521.3484120075649
blast,41,2025-04-06 00:00:00.000 UTC,13,10.749238367570271
base,137073,2025-04-23 00:00:00.000 UTC,38185,10996030.699289225
optimism,13099,2025-05-06 00:00:00.000 UTC,1861,339197.7954144585
base,81255,2025-06-01 00:00:00.000 UTC,14640,5397986.066051893
bnb,7094,2025-02-14 00:00:00.000 UTC,2564,299539.28801713407
polygon,77,2025-01-29 00:00:00.000 UTC,14,319.8702835170943
zora,48,2025-04-17 00:00:00.000 UTC,15,309.1479051671439
polygon,9,2025-01-23 00:00:00.000 UTC,4,4.550237069229208
worldchain,42490,2025-03-25 00:00:00.000 UTC,31,2259.382426422994
base,49012,2025-02-25 00:00:00.000 UTC,8652,5629506.806853742
ethereum,15422,2025-05-06 00:00:00.000 UTC,4674,126934388.85170202
optimism,9680,2025-02-11 00:00:00.000 UTC,944,148085.34031544908
unichain,174318,2025-05-22 00:00:00.000 UTC,6251,460677871.34075683
unichain,4129,2025-03-18 00:00:00.000 UTC,1378,93351.90494953998
bnb,8257,2025-04-19 00:00:00.000 UTC,2972,422018.2080188639
avalanche_c,2586,2025-03-06 00:00:00.000 UTC,535,27751.147911493452
optimism,9787,2025-04-04 00:00:00.000 UTC,1493,347830.76367585245
unichain,7030,2025-02-20 00:00:00.000 UTC,3777,474864.1458081124
ethereum,18420,2025-05-25 00:00:00.000 UTC,5523,156869180.40549472
worldchain,41237,2025-04-19 00:00:00.000 UTC,99,7229.719728884772
blast,26,2025-05-20 00:00:00.000 UTC,12,2.4266606145458987
optimism,15296,2025-05-25 00:00:00.000 UTC,2179,761583.0931705612
arbitrum,26176,2025-03-21 00:00:00.000 UTC,2748,6960211.901932981
avalanche_c,953,2025-03-27 00:00:00.000 UTC,329,12429.20110236805
blast,50,2025-05-26 00:00:00.000 UTC,15,3.136610864082548
base,7275,2025-01-30 00:00:00.000 UTC,26,842194.6970145993
ethereum,3,2025-01-28 00:00:00.000 UTC,2,200.06579899967102
base,45301,2025-03-29 00:00:00.000 UTC,8161,3244220.339718711
optimism,8406,2025-04-10 00:00:00.000 UTC,1108,144517.60730881497
ethereum,8874,2025-03-15 00:00:00.000 UTC,4229,7317632.8913488425
polygon,38439,2025-04-23 00:00:00.000 UTC,4847,4075206.3206950645
arbitrum,22777,2025-02-17 00:00:00.000 UTC,1178,6602933.740779053
unichain,3560,2025-02-15 00:00:00.000 UTC,1300,102705.82330369652
avalanche_c,1254,2025-03-01 00:00:00.000 UTC,386,11392.096771321574
worldchain,28708,2025-04-14 00:00:00.000 UTC,62,4790.352222527784
worldchain,9971,2025-03-13 00:00:00.000 UTC,20,182.8450794757047
unichain,3570,2025-03-12 00:00:00.000 UTC,564,160119.87966106512
ethereum,18188,2025-04-16 00:00:00.000 UTC,5602,189962635.53191462
worldchain,51383,2025-05-29 00:00:00.000 UTC,201,11718.69921831507
worldchain,38079,2025-05-10 00:00:00.000 UTC,129,9215.801957544936
optimism,14,2025-01-28 00:00:00.000 UTC,8,2.2483702100208003
arbitrum,37649,2025-05-06 00:00:00.000 UTC,3353,19423903.580391854
arbitrum,32208,2025-03-09 00:00:00.000 UTC,1958,15011677.556356959
polygon,23647,2025-04-17 00:00:00.000 UTC,4846,2295295.0959145194
avalanche_c,3730,2025-05-16 00:00:00.000 UTC,595,61029.79385157638
ethereum,19044,2025-05-30 00:00:00.000 UTC,6479,448872277.238135
blast,34,2025-03-31 00:00:00.000 UTC,23,3.348078682882485
zora,12,2025-05-31 00:00:00.000 UTC,1,14.694404275852918
unichain,25710,2025-04-19 00:00:00.000 UTC,4918,62416413.398390315
base,113211,2025-05-12 00:00:00.000 UTC,16461,35246325.5580125
optimism,9312,2025-02-17 00:00:00.000 UTC,786,171732.8199623337
ethereum,13358,2025-04-04 00:00:00.000 UTC,4124,150137600.4877941
blast,34,2025-03-05 00:00:00.000 UTC,15,6.0103203605617495
polygon,23378,2025-03-28 00:00:00.000 UTC,3067,1292176.5003883392
polygon,20938,2025-03-16 00:00:00.000 UTC,2767,910050.2286973115
base,70,2025-01-24 00:00:00.000 UTC,19,89.7002383205166
zora,2,2025-02-24 00:00:00.000 UTC,1,53.368362907553006
ethereum,16549,2025-04-10 00:00:00.000 UTC,5263,393870445.64810306
arbitrum,20987,2025-02-11 00:00:00.000 UTC,1367,4856569.55706329
bnb,194098,2025-05-28 00:00:00.000 UTC,22940,179112369.09753287
zora,106,2025-03-22 00:00:00.000 UTC,24,215.08976891367777
zora,6,2025-03-02 00:00:00.000 UTC,1,144.41535449188507
blast,15,2025-04-26 00:00:00.000 UTC,8,0.6846047162877296
zora,46,2025-05-07 00:00:00.000 UTC,6,22.09355987093881
base,98425,2025-04-21 00:00:00.000 UTC,11464,3977436.7188802892
polygon,23229,2025-04-15 00:00:00.000 UTC,3501,2804080.432039296
bnb,6380,2025-02-18 00:00:00.000 UTC,1838,294159.8469129036
polygon,21144,2025-02-21 00:00:00.000 UTC,1888,3250553.0967678498
worldchain,56738,2025-05-06 00:00:00.000 UTC,109,7258.632143958622
worldchain,17384,2025-03-21 00:00:00.000 UTC,29,1573.1331595320175
zora,78,2025-03-25 00:00:00.000 UTC,12,443.93425613935034
zora,18,2025-06-04 00:00:00.000 UTC,2,20.186092788396056
worldchain,11,2025-02-23 00:00:00.000 UTC,6,12.290475068901983
base,65122,2025-03-19 00:00:00.000 UTC,12524,13109341.68538895
polygon,52742,2025-05-10 00:00:00.000 UTC,5312,6265385.136320656
bnb,18581,2025-04-23 00:00:00.000 UTC,6846,1614158.3373958163
worldchain,27137,2025-05-31 00:00:00.000 UTC,123,7087.412589279317
blast,35,2025-04-29 00:00:00.000 UTC,15,1.5745407035241121
zora,11,2025-06-03 00:00:00.000 UTC,1,8.44658333588016
worldchain,16,2025-02-17 00:00:00.000 UTC,4,14.75677659732343
unichain,113468,2025-05-06 00:00:00.000 UTC,5650,312129493.0909826
optimism,10968,2025-03-12 00:00:00.000 UTC,982,131893.5226104782
zora,53,2025-05-09 00:00:00.000 UTC,5,92.42026248718537
optimism,7515,2025-04-13 00:00:00.000 UTC,1008,131869.1293280979
bnb,190505,2025-05-31 00:00:00.000 UTC,20142,187610105.89974344
polygon,30588,2025-06-03 00:00:00.000 UTC,4130,5028309.498980244
zora,9,2025-02-01 00:00:00.000 UTC,9,47.384514927531
avalanche_c,988,2025-03-10 00:00:00.000 UTC,280,9685.73932898005
blast,46,2025-03-07 00:00:00.000 UTC,15,11.458945451204318
zora,93,2025-03-20 00:00:00.000 UTC,16,185.5683435268105
blast,19,2025-02-10 00:00:00.000 UTC,18,1.4087295142380156
zora,49,2025-05-15 00:00:00.000 UTC,6,53.27889403693898
base,54480,2025-03-06 00:00:00.000 UTC,11896,7054043.013600054
arbitrum,57216,2025-05-08 00:00:00.000 UTC,4855,48318264.260766596
arbitrum,62254,2025-05-09 00:00:00.000 UTC,4504,43946765.19565929
unichain,3106,2025-03-09 00:00:00.000 UTC,713,115761.78346192876
bnb,14979,2025-03-22 00:00:00.000 UTC,4595,874831.8120804236
ethereum,18114,2025-06-03 00:00:00.000 UTC,6820,298029190.22081834
arbitrum,17405,2025-02-20 00:00:00.000 UTC,957,4194419.449013869
base,161114,2025-06-04 00:00:00.000 UTC,56899,6883831.778102126
unichain,3542,2025-02-18 00:00:00.000 UTC,608,588564.4886841284
polygon,14779,2025-02-15 00:00:00.000 UTC,2062,869118.4869317932
unichain,80465,2025-05-24 00:00:00.000 UTC,4107,191048204.65844503
zora,70,2025-04-15 00:00:00.000 UTC,16,214.72071067826735
blast,25,2025-03-01 00:00:00.000 UTC,11,5.340040914059182
bnb,20881,2025-05-07 00:00:00.000 UTC,4369,2020675.9375977628
base,39995,2025-02-27 00:00:00.000 UTC,7383,2960933.4267511
arbitrum,35429,2025-04-13 00:00:00.000 UTC,2486,10492735.376651304
ethereum,16419,2025-05-08 00:00:00.000 UTC,5367,210330219.96160978
avalanche_c,3532,2025-05-20 00:00:00.000 UTC,552,56875.95901042171
arbitrum,23842,2025-02-07 00:00:00.000 UTC,1415,6631887.127851442
avalanche_c,625,2025-03-23 00:00:00.000 UTC,230,6319.801307034334
avalanche_c,520,2025-04-05 00:00:00.000 UTC,169,8175.2193134902445
avalanche_c,651,2025-02-06 00:00:00.000 UTC,128,8514.171722388404
worldchain,29,2025-02-24 00:00:00.000 UTC,8,7.787054908643089
polygon,22134,2025-03-20 00:00:00.000 UTC,3416,1343605.8815798897
ethereum,16870,2025-05-28 00:00:00.000 UTC,6151,491629164.0112113
bnb,5902,2025-02-17 00:00:00.000 UTC,1714,251101.6335161046
avalanche_c,1990,2025-04-25 00:00:00.000 UTC,363,19120.974267128528
avalanche_c,1656,2025-04-30 00:00:00.000 UTC,398,19290.003080448183
blast,21,2025-03-14 00:00:00.000 UTC,12,1.4957664381207931
ethereum,10744,2025-02-19 00:00:00.000 UTC,4824,18022819.905204628
optimism,20440,2025-05-27 00:00:00.000 UTC,2599,911714.9460654985
optimism,29839,2025-05-21 00:00:00.000 UTC,3732,2051783.2698539612
arbitrum,61893,2025-05-22 00:00:00.000 UTC,5320,52082701.237408645
blast,44,2025-04-08 00:00:00.000 UTC,21,6.479845680287984
arbitrum,43968,2025-05-27 00:00:00.000 UTC,4429,41574923.20771187
ethereum,7875,2025-02-15 00:00:00.000 UTC,4276,5248220.975325941
ethereum,16266,2025-05-09 00:00:00.000 UTC,5370,218443469.47280225
bnb,9032,2025-04-17 00:00:00.000 UTC,2565,572681.818854456
arbitrum,19270,2025-02-19 00:00:00.000 UTC,799,5093363.352139867
avalanche_c,1261,2025-03-29 00:00:00.000 UTC,325,18119.806360255112
avalanche_c,313,2025-01-31 00:00:00.000 UTC,19,22221.60400634153
optimism,32067,2025-05-10 00:00:00.000 UTC,2561,1674615.4451130894
polygon,49924,2025-05-15 00:00:00.000 UTC,5272,6420757.437788467
ethereum,18122,2025-04-07 00:00:00.000 UTC,5651,201454734.18066722
bnb,18376,2025-04-10 00:00:00.000 UTC,6506,1121137.0868654826
unichain,105098,2025-05-31 00:00:00.000 UTC,4829,229843516.8965445
unichain,8642,2025-02-17 00:00:00.000 UTC,4300,660189.5937000688
worldchain,52717,2025-04-23 00:00:00.000 UTC,66,8764.990222846167
blast,39,2025-05-05 00:00:00.000 UTC,19,56.31733675947203
blast,20,2025-02-03 00:00:00.000 UTC,16,28.688058379747744
base,137085,2025-02-01 00:00:00.000 UTC,8290,55924714.18743258
bnb,11528,2025-03-16 00:00:00.000 UTC,3561,341891.87305971887
arbitrum,39265,2025-03-11 00:00:00.000 UTC,2119,15963554.186521273
unichain,17175,2025-04-04 00:00:00.000 UTC,6368,119813.65239714803
polygon,34221,2025-04-21 00:00:00.000 UTC,4239,3482530.519846573
avalanche_c,819,2025-03-04 00:00:00.000 UTC,287,5044.523276705429
bnb,8432,2025-03-09 00:00:00.000 UTC,2838,277594.9978343807
optimism,11862,2025-02-21 00:00:00.000 UTC,1007,238650.80801590293
optimism,25118,2025-06-03 00:00:00.000 UTC,2881,760127.6744598222
avalanche_c,2923,2025-06-02 00:00:00.000 UTC,681,55504.915915590835
zora,24,2025-04-19 00:00:00.000 UTC,11,56.072805477341355
arbitrum,25156,2025-04-12 00:00:00.000 UTC,2548,6574139.831894927
polygon,27106,2025-03-19 00:00:00.000 UTC,3665,1716721.5345306187
bnb,11471,2025-04-04 00:00:00.000 UTC,1195,753669.1991162421
worldchain,31856,2025-04-17 00:00:00.000 UTC,89,4095.4323078903544
blast,26,2025-04-02 00:00:00.000 UTC,15,5.058488856836737
zora,28,2025-05-29 00:00:00.000 UTC,3,37.249743600354726
ethereum,10492,2025-02-20 00:00:00.000 UTC,4799,22518720.625633292
base,56448,2025-04-20 00:00:00.000 UTC,20981,2104970.4575948454
arbitrum,36033,2025-03-12 00:00:00.000 UTC,1893,11734955.810352819
zora,3,2025-02-21 00:00:00.000 UTC,1,81.44491553555707
arbitrum,2,2025-01-25 00:00:00.000 UTC,1,1.397201564538
arbitrum,32201,2025-03-02 00:00:00.000 UTC,1941,22551710.544021565
optimism,10950,2025-02-06 00:00:00.000 UTC,1109,854604.5321606509
ethereum,14603,2025-04-02 00:00:00.000 UTC,4873,133395783.90668525
base,60412,2025-05-03 00:00:00.000 UTC,10208,29782065.812238645
ethereum,8795,2025-02-05 00:00:00.000 UTC,4563,11842128.27082068
polygon,22022,2025-03-01 00:00:00.000 UTC,3329,770645.6021381537
bnb,225457,2025-06-02 00:00:00.000 UTC,22105,237568488.1368935
optimism,13303,2025-03-03 00:00:00.000 UTC,1194,298303.0271666512
worldchain,43,2025-02-26 00:00:00.000 UTC,5,21.148516975522618
zora,1,2025-02-10 00:00:00.000 UTC,1,0.001278100962
unichain,63808,2025-04-22 00:00:00.000 UTC,6924,331274916.3576982
unichain,11214,2025-04-01 00:00:00.000 UTC,5176,92439.67863256275
optimism,16360,2025-02-25 00:00:00.000 UTC,1246,264643.2748257599
bnb,29943,2025-05-14 00:00:00.000 UTC,7565,10296038.753279964
base,62284,2025-03-18 00:00:00.000 UTC,13412,8747915.264849214
bnb,13496,2025-03-03 00:00:00.000 UTC,4416,725914.2153214235
base,76631,2025-05-24 00:00:00.000 UTC,9828,6814448.6741338475
optimism,12933,2025-03-10 00:00:00.000 UTC,1338,299993.41987695877
arbitrum,13721,2025-02-03 00:00:00.000 UTC,1532,5809832.86550995
base,101064,2025-05-30 00:00:00.000 UTC,14764,8758524.416709192
bnb,650,2025-01-30 00:00:00.000 UTC,134,85833.91899622566
worldchain,19235,2025-03-27 00:00:00.000 UTC,29,1476.774492557114
blast,47,2025-05-12 00:00:00.000 UTC,23,6.105335658732867
blast,21,2025-03-20 00:00:00.000 UTC,10,2.7236750485763825
ethereum,2551,2025-02-02 00:00:00.000 UTC,1373,5949782.780075986
base,30100,2025-02-14 00:00:00.000 UTC,5643,2825727.8341070605
arbitrum,56434,2025-05-16 00:00:00.000 UTC,3895,59471487.675688945
unichain,18244,2025-03-27 00:00:00.000 UTC,12621,103538.17788372173
optimism,11016,2025-04-30 00:00:00.000 UTC,1695,168429.38269000337
ethereum,16289,2025-03-06 00:00:00.000 UTC,6632,31232598.772709373
optimism,10126,2025-02-12 00:00:00.000 UTC,843,147325.58175233364
avalanche_c,494,2025-02-24 00:00:00.000 UTC,103,4163.299614956433
polygon,33937,2025-04-02 00:00:00.000 UTC,3407,3377945.17702275
optimism,7065,2025-03-30 00:00:00.000 UTC,1101,90486.69096761095
arbitrum,23644,2025-02-06 00:00:00.000 UTC,1523,5906932.600396848
unichain,3290,2025-02-28 00:00:00.000 UTC,576,110468.48480842862
zora,23,2025-05-04 00:00:00.000 UTC,4,20.372215323565065
avalanche_c,7,2025-01-23 00:00:00.000 UTC,6,32.924046943221335
arbitrum,36095,2025-04-24 00:00:00.000 UTC,4014,7690799.208463894
bnb,7613,2025-03-08 00:00:00.000 UTC,2649,190704.9497957754
polygon,22577,2025-04-12 00:00:00.000 UTC,3030,1988708.137901118
avalanche_c,1337,2025-05-07 00:00:00.000 UTC,359,34001.860985900516
unichain,16604,2025-03-26 00:00:00.000 UTC,10386,151508.5743941101
avalanche_c,2886,2025-04-11 00:00:00.000 UTC,413,18875.79394136514
blast,6,2025-02-20 00:00:00.000 UTC,5,0.5653121551285014
worldchain,98,2025-02-12 00:00:00.000 UTC,6,54.847354897490206
unichain,88561,2025-04-28 00:00:00.000 UTC,5876,213221685.18726125
arbitrum,26827,2025-03-24 00:00:00.000 UTC,3543,7151384.0365979755
avalanche_c,1093,2025-02-10 00:00:00.000 UTC,144,15584.215914748926
ethereum,19630,2025-04-24 00:00:00.000 UTC,4616,74373781.57782215
bnb,10507,2025-02-12 00:00:00.000 UTC,3033,521630.53242584213
zora,42,2025-05-21 00:00:00.000 UTC,2,52.14457067497811
arbitrum,38279,2025-06-04 00:00:00.000 UTC,5049,20575793.513663784
worldchain,50082,2025-05-19 00:00:00.000 UTC,146,9872.679492148298
zora,16,2025-05-26 00:00:00.000 UTC,3,11.273103680905306
optimism,18353,2025-05-17 00:00:00.000 UTC,2593,582809.1428874668
ethereum,8098,2025-04-05 00:00:00.000 UTC,3180,129460285.00304334
unichain,102248,2025-06-02 00:00:00.000 UTC,6174,296922046.97546244
blast,10,2025-02-01 00:00:00.000 UTC,10,137.68054202792806
base,84338,2025-04-09 00:00:00.000 UTC,10154,7290323.752863747
unichain,146460,2025-05-14 00:00:00.000 UTC,6091,481342417.65511787
arbitrum,71775,2025-05-13 00:00:00.000 UTC,5137,70539945.8748176
avalanche_c,2850,2025-03-09 00:00:00.000 UTC,1282,17294.89817451341
blast,23,2025-05-25 00:00:00.000 UTC,17,1.2567868986119923
zora,2,2025-02-16 00:00:00.000 UTC,1,130.79828751885913
optimism,11397,2025-05-01 00:00:00.000 UTC,1794,167431.72207726163
optimism,11100,2025-04-25 00:00:00.000 UTC,1519,187123.12357365616
arbitrum,45278,2025-02-25 00:00:00.000 UTC,2637,19394622.792094022
avalanche_c,3079,2025-06-03 00:00:00.000 UTC,655,53479.29003448322
avalanche_c,2417,2025-04-16 00:00:00.000 UTC,345,19325.11795169814
unichain,19,2025-02-08 00:00:00.000 UTC,14,2092.337202924341
worldchain,5023,2025-03-08 00:00:00.000 UTC,17,89.94965297612784
bnb,22102,2025-05-17 00:00:00.000 UTC,4242,12317101.08604477
arbitrum,31006,2025-04-25 00:00:00.000 UTC,3256,9130394.497387277
polygon,46133,2025-05-30 00:00:00.000 UTC,5737,6259150.874165242
zora,60,2025-04-29 00:00:00.000 UTC,5,49.99630809529237
base,58541,2025-04-06 00:00:00.000 UTC,8792,3978668.074049244
arbitrum,60224,2025-04-22 00:00:00.000 UTC,13219,13679021.793262847
ethereum,16778,2025-03-04 00:00:00.000 UTC,6021,54098921.35606022
polygon,22494,2025-02-12 00:00:00.000 UTC,3178,2335006.9817106463
optimism,536,2025-01-30 00:00:00.000 UTC,25,4973.254369954447
blast,5,2025-02-02 00:00:00.000 UTC,5,2.2452316272171333
zora,174,2025-04-02 00:00:00.000 UTC,12,645.1106729435403
optimism,13,2025-01-24 00:00:00.000 UTC,8,9.282377018283544
zora,86,2025-03-14 00:00:00.000 UTC,1,149.3812187821623
arbitrum,37467,2025-04-30 00:00:00.000 UTC,3284,21991353.085127793
optimism,8294,2025-03-29 00:00:00.000 UTC,1197,96912.17978417536
blast,17,2025-05-31 00:00:00.000 UTC,9,0.7940741847303716
arbitrum,14,2025-01-24 00:00:00.000 UTC,2,9.308666174566165
base,69524,2025-03-05 00:00:00.000 UTC,14099,5998679.667007157
unichain,74342,2025-04-27 00:00:00.000 UTC,8965,153696370.73279938
blast,14,2025-04-21 00:00:00.000 UTC,7,2.014613870996582
bnb,25788,2025-03-25 00:00:00.000 UTC,12804,3671240.251487091
unichain,72869,2025-04-26 00:00:00.000 UTC,5259,253288703.9253855
optimism,21644,2025-06-01 00:00:00.000 UTC,2010,578030.5677933673
unichain,4180,2025-03-11 00:00:00.000 UTC,878,209659.18938744292
blast,23,2025-05-22 00:00:00.000 UTC,11,1.7194865968863833
zora,36,2025-05-05 00:00:00.000 UTC,2,21.75793900249546
arbitrum,33900,2025-04-11 00:00:00.000 UTC,3155,9605887.647266893
bnb,10381,2025-03-05 00:00:00.000 UTC,3250,467551.70437340566
polygon,34241,2025-04-24 00:00:00.000 UTC,3993,3735283.309022889
ethereum,12778,2025-04-03 00:00:00.000 UTC,4595,127665557.42768985
arbitrum,26657,2025-02-04 00:00:00.000 UTC,1138,8531605.95080022
arbitrum,27271,2025-02-24 00:00:00.000 UTC,1019,8212086.663599785
optimism,9099,2025-03-22 00:00:00.000 UTC,1105,106520.76130687332
avalanche_c,954,2025-04-03 00:00:00.000 UTC,306,60011.41868583141
avalanche_c,1981,2025-05-11 00:00:00.000 UTC,485,60068.07534142638
blast,24,2025-04-13 00:00:00.000 UTC,8,3.1621165633305033
blast,14,2025-03-17 00:00:00.000 UTC,6,1.9343602950533114
unichain,198524,2025-05-15 00:00:00.000 UTC,5198,658190151.6832242
polygon,33261,2025-04-30 00:00:00.000 UTC,4145,4711393.774286224
avalanche_c,1,2025-01-26 00:00:00.000 UTC,1,0.1534228045717672
unichain,147005,2025-05-29 00:00:00.000 UTC,6130,400039699.124888
bnb,6472,2025-02-19 00:00:00.000 UTC,1842,241289.93212117872
avalanche_c,3498,2025-04-14 00:00:00.000 UTC,379,32824.92563818765
blast,17,2025-06-02 00:00:00.000 UTC,12,2.8879783967336348
arbitrum,9,2025-01-23 00:00:00.000 UTC,3,3.2843577737558682
ethereum,13082,2025-02-18 00:00:00.000 UTC,5047,34129598.541546024
base,33950,2025-02-18 00:00:00.000 UTC,7454,3615127.0661262367
polygon,17877,2025-03-21 00:00:00.000 UTC,3098,828666.588925491
bnb,262522,2025-06-04 00:00:00.000 UTC,23612,424830613.71774733
polygon,32990,2025-06-02 00:00:00.000 UTC,4513,4752853.688714491
avalanche_c,1055,2025-04-20 00:00:00.000 UTC,226,6290.781183165143
blast,7,2025-02-05 00:00:00.000 UTC,6,0.9724577388405653
arbitrum,219,2025-01-29 00:00:00.000 UTC,6,26152.378181909142
bnb,27132,2025-05-08 00:00:00.000 UTC,3974,2279157.6812861855
optimism,11412,2025-04-29 00:00:00.000 UTC,1868,176333.18194634575
base,106878,2025-05-13 00:00:00.000 UTC,15529,34712888.06384814
zora,152,2025-04-10 00:00:00.000 UTC,23,602.9917632097174
blast,38,2025-04-30 00:00:00.000 UTC,15,2.4452987802512482
ethereum,12410,2025-03-28 00:00:00.000 UTC,4553,66616812.45110321
avalanche_c,1575,2025-02-27 00:00:00.000 UTC,496,11499.83014903749
worldchain,42184,2025-05-03 00:00:00.000 UTC,119,6976.932649259846
unichain,59,2025-02-01 00:00:00.000 UTC,41,41212.446133182304
bnb,23992,2025-03-20 00:00:00.000 UTC,11531,2344716.766448254
arbitrum,24304,2025-03-16 00:00:00.000 UTC,2585,5537380.66561271
avalanche_c,696,2025-02-16 00:00:00.000 UTC,120,6184.443793096207
zora,7,2025-03-09 00:00:00.000 UTC,1,147.11998385649943
base,50271,2025-03-15 00:00:00.000 UTC,9159,5420121.404166486
unichain,163053,2025-05-11 00:00:00.000 UTC,5460,402219793.1279635
ethereum,16055,2025-04-23 00:00:00.000 UTC,5611,125107358.5796924
unichain,7679,2025-02-22 00:00:00.000 UTC,3857,440954.08847641357
blast,58,2025-03-04 00:00:00.000 UTC,14,13.554039075585797
worldchain,44403,2025-04-21 00:00:00.000 UTC,79,5865.237166024186
base,36,2025-01-28 00:00:00.000 UTC,14,59.09304976018963
avalanche_c,25,2025-02-01 00:00:00.000 UTC,12,20.135517615062007
blast,64,2025-05-27 00:00:00.000 UTC,25,3.1273008712613057
worldchain,21,2025-02-19 00:00:00.000 UTC,5,31.154732737937525
ethereum,11568,2025-02-24 00:00:00.000 UTC,4193,26684166.815835226
base,37583,2025-02-23 00:00:00.000 UTC,10609,2426128.791300512
arbitrum,52673,2025-04-09 00:00:00.000 UTC,3271,17956559.94508913
base,81315,2025-05-25 00:00:00.000 UTC,10238,8246583.475980494
worldchain,62644,2025-05-08 00:00:00.000 UTC,189,17764.39885114643
worldchain,8861,2025-03-12 00:00:00.000 UTC,19,121.7409406818352
worldchain,13,2025-02-14 00:00:00.000 UTC,3,20.453593118874778
unichain,8418,2025-03-19 00:00:00.000 UTC,2693,279009.7178255515
arbitrum,42124,2025-05-31 00:00:00.000 UTC,4744,26761716.989462268
blast,20,2025-04-24 00:00:00.000 UTC,12,1.8128876646096947
zora,34,2025-02-26 00:00:00.000 UTC,5,60.35763022662035
zora,22,2025-05-24 00:00:00.000 UTC,5,9.675918148764088
bnb,251538,2025-05-20 00:00:00.000 UTC,33091,431769234.8992364
base,65448,2025-04-16 00:00:00.000 UTC,8470,4239867.79399971
optimism,22962,2025-05-24 00:00:00.000 UTC,3774,604720.0202077751
polygon,47371,2025-05-19 00:00:00.000 UTC,5153,10639957.969517132
arbitrum,18844,2025-03-27 00:00:00.000 UTC,2834,4012387.296860832
optimism,8602,2025-02-10 00:00:00.000 UTC,810,196865.9819077887
zora,49,2025-05-13 00:00:00.000 UTC,8,54.181909619062736
bnb,11410,2025-03-06 00:00:00.000 UTC,3798,501393.53322357975
unichain,30758,2025-04-20 00:00:00.000 UTC,5926,76271789.96041939
polygon,23505,2025-04-04 00:00:00.000 UTC,3130,3554578.993372163
bnb,7039,2025-02-21 00:00:00.000 UTC,1989,410984.246043729
zora,1,2025-02-11 00:00:00.000 UTC,1,0.000421270282
polygon,34868,2025-05-31 00:00:00.000 UTC,4229,4162616.410021115
unichain,32703,2025-04-15 00:00:00.000 UTC,5185,41867128.76154862
base,75515,2025-05-07 00:00:00.000 UTC,12426,12000265.745715177
bnb,10644,2025-04-06 00:00:00.000 UTC,1179,455513.3013286618
polygon,25453,2025-02-05 00:00:00.000 UTC,3079,2062053.4663222036
base,59428,2025-03-22 00:00:00.000 UTC,10960,5502525.201545084
optimism,11628,2025-04-23 00:00:00.000 UTC,2002,282361.8939836356
arbitrum,22198,2025-03-28 00:00:00.000 UTC,2719,5822251.459740775
arbitrum,62022,2025-05-23 00:00:00.000 UTC,4954,54027881.15819346
optimism,8748,2025-03-14 00:00:00.000 UTC,1126,91490.16726168779
base,74611,2025-04-11 00:00:00.000 UTC,10819,5107165.408960279
arbitrum,27190,2025-04-17 00:00:00.000 UTC,2877,8651176.142504256
ethereum,9996,2025-03-22 00:00:00.000 UTC,4437,17213390.27759056
ethereum,17659,2025-06-01 00:00:00.000 UTC,7424,290014900.28278077
blast,14,2025-03-23 00:00:00.000 UTC,11,0.5900768667171971
base,91600,2025-06-02 00:00:00.000 UTC,17882,6508590.735921234
blast,15,2025-02-12 00:00:00.000 UTC,8,1.5284168975209353
blast,11,2025-02-07 00:00:00.000 UTC,7,1.8458543182938416
bnb,9120,2025-03-13 00:00:00.000 UTC,3084,349525.93157899927
polygon,26209,2025-04-11 00:00:00.000 UTC,3465,2642428.133640259
avalanche_c,1283,2025-05-04 00:00:00.000 UTC,333,11650.979286448972
arbitrum,11518,2025-02-16 00:00:00.000 UTC,784,2138795.7467961228
blast,69,2025-05-08 00:00:00.000 UTC,32,8.873755526915017
blast,98,2025-03-11 00:00:00.000 UTC,48,11.732263133251362
arbitrum,4,2025-01-28 00:00:00.000 UTC,1,2.742150540172623
bnb,26876,2025-05-10 00:00:00.000 UTC,3941,5594866.169630584
base,41545,2025-02-24 00:00:00.000 UTC,8019,4324390.923753251
unichain,4178,2025-03-17 00:00:00.000 UTC,1513,99501.59007510537
bnb,8994,2025-03-12 00:00:00.000 UTC,2926,289656.6643951859
ethereum,16523,2025-05-07 00:00:00.000 UTC,4705,112918460.9940413
unichain,2954,2025-03-13 00:00:00.000 UTC,403,106329.27211371073
blast,18,2025-03-24 00:00:00.000 UTC,9,2.750733379072813
blast,59,2025-04-07 00:00:00.000 UTC,14,12.778255361501623
blast,43,2025-03-10 00:00:00.000 UTC,12,12.647582277585474
base,49604,2025-03-28 00:00:00.000 UTC,9163,4705896.538579272
arbitrum,32769,2025-04-03 00:00:00.000 UTC,2954,9074245.683108456
polygon,33591,2025-05-25 00:00:00.000 UTC,4253,4367942.827570941
zora,73,2025-04-16 00:00:00.000 UTC,9,254.61976590908483
optimism,11424,2025-05-05 00:00:00.000 UTC,1678,192946.81329771626
base,95604,2025-04-24 00:00:00.000 UTC,22984,6357305.03324951
bnb,20913,2025-03-17 00:00:00.000 UTC,5356,957095.1728102907
ethereum,18036,2025-05-24 00:00:00.000 UTC,5995,311650851.1035138
ethereum,17490,2025-04-11 00:00:00.000 UTC,5600,310892858.0324438
optimism,7089,2025-02-16 00:00:00.000 UTC,717,71213.47367767592
base,33,2025-01-23 00:00:00.000 UTC,13,206.97953219717297
zora,139,2025-04-11 00:00:00.000 UTC,19,736.8470520916092
polygon,6,2025-01-24 00:00:00.000 UTC,4,4.587561979266538
bnb,3,2025-01-26 00:00:00.000 UTC,2,0.7374749444789275
avalanche_c,1794,2025-02-28 00:00:00.000 UTC,447,17531.236833689323
polygon,17729,2025-03-23 00:00:00.000 UTC,2942,646535.8134980305
unichain,7977,2025-02-14 00:00:00.000 UTC,4378,169562.89334326886
worldchain,47801,2025-05-28 00:00:00.000 UTC,190,12904.013243620771
zora,21,2025-05-25 00:00:00.000 UTC,3,17.37964761406683
blast,8,2025-02-06 00:00:00.000 UTC,8,1.5292596319034901
optimism,21,2025-01-29 00:00:00.000 UTC,9,2.952539071565199
polygon,5,2025-01-28 00:00:00.000 UTC,3,0.97120505936
base,48043,2025-02-05 00:00:00.000 UTC,5656,8083822.593137123
optimism,9429,2025-04-03 00:00:00.000 UTC,1222,274485.2881395516
arbitrum,40497,2025-04-16 00:00:00.000 UTC,3019,13855973.764073279
arbitrum,18062,2025-03-15 00:00:00.000 UTC,2741,3092513.9105956224
worldchain,29662,2025-04-13 00:00:00.000 UTC,74,4111.454175303272
base,48270,2025-03-23 00:00:00.000 UTC,8696,6348413.9791517425
unichain,2511,2025-02-27 00:00:00.000 UTC,649,70686.67368331527
optimism,31866,2025-05-30 00:00:00.000 UTC,3436,1007100.5326775882
avalanche_c,4,2025-01-27 00:00:00.000 UTC,3,1.9092617905767593
blast,17,2025-04-12 00:00:00.000 UTC,10,1.45240968740839
worldchain,20,2025-02-27 00:00:00.000 UTC,11,13.08827927481013
ethereum,9626,2025-02-10 00:00:00.000 UTC,5517,10449312.731835164
worldchain,46427,2025-05-27 00:00:00.000 UTC,200,14099.988905467137
polygon,29000,2025-04-16 00:00:00.000 UTC,3249,3103328.2440901813
bnb,196750,2025-05-27 00:00:00.000 UTC,26032,154787007.68127128
unichain,126255,2025-05-27 00:00:00.000 UTC,7750,390962885.49267364
worldchain,8729,2025-03-18 00:00:00.000 UTC,26,137.7066112557966
bnb,10710,2025-04-14 00:00:00.000 UTC,1812,567760.734761817
bnb,10107,2025-04-13 00:00:00.000 UTC,1438,534442.3187690645
optimism,22132,2025-05-31 00:00:00.000 UTC,2325,774843.399145315
unichain,117976,2025-05-28 00:00:00.000 UTC,7051,319559532.040527
avalanche_c,2362,2025-04-15 00:00:00.000 UTC,378,22388.939860692903
worldchain,1,2025-02-02 00:00:00.000 UTC,1,
ethereum,9671,2025-02-23 00:00:00.000 UTC,3894,14703666.005299764
ethereum,11339,2025-03-14 00:00:00.000 UTC,4745,14310580.842622533
polygon,54911,2025-05-12 00:00:00.000 UTC,5838,7101167.692385003
polygon,34063,2025-05-06 00:00:00.000 UTC,4061,3994853.130577541
polygon,22230,2025-03-29 00:00:00.000 UTC,2836,1198483.0143355746
avalanche_c,3209,2025-05-15 00:00:00.000 UTC,1035,174136.00257236915
base,106974,2025-05-19 00:00:00.000 UTC,12958,12467390.202898428
avalanche_c,991,2025-02-09 00:00:00.000 UTC,141,14771.43658484075
optimism,8591,2025-03-16 00:00:00.000 UTC,900,83419.31787827826
bnb,10694,2025-02-13 00:00:00.000 UTC,3538,498381.497030434
avalanche_c,1414,2025-04-01 00:00:00.000 UTC,352,369482.48716579017
arbitrum,68499,2025-05-30 00:00:00.000 UTC,5336,55620316.6772307
arbitrum,37628,2025-05-25 00:00:00.000 UTC,3525,27876504.066186603
avalanche_c,1536,2025-04-02 00:00:00.000 UTC,338,80606.9229121416
avalanche_c,2196,2025-04-28 00:00:00.000 UTC,377,22165.77266713619
blast,28,2025-04-25 00:00:00.000 UTC,14,1.867033825295604
zora,77,2025-03-28 00:00:00.000 UTC,17,209.4038865504334
zora,29,2025-05-30 00:00:00.000 UTC,3,52.62559604262202
zora,7,2025-03-03 00:00:00.000 UTC,1,183.06436606345443
unichain,19236,2025-04-14 00:00:00.000 UTC,3844,386859.9420940026
polygon,31790,2025-02-25 00:00:00.000 UTC,2463,2460169.532661389
blast,41,2025-05-21 00:00:00.000 UTC,21,6.2865875201440025
blast,67,2025-03-12 00:00:00.000 UTC,29,40.846920161093855
zora,43,2025-05-12 00:00:00.000 UTC,7,57.714293636292986
unichain,62196,2025-05-03 00:00:00.000 UTC,6248,145794777.7867492
bnb,9499,2025-02-27 00:00:00.000 UTC,2191,570899.8621000645
polygon,24786,2025-02-17 00:00:00.000 UTC,2180,2404411.9546679473
worldchain,35143,2025-05-11 00:00:00.000 UTC,137,14410.474484578399
zora,82,2025-03-15 00:00:00.000 UTC,1,203.85146687622807
unichain,5127,2025-03-03 00:00:00.000 UTC,811,571750.4592514634
bnb,1041,2025-01-31 00:00:00.000 UTC,199,15388.49911753937
avalanche_c,1547,2025-04-07 00:00:00.000 UTC,392,19144.029214369115
worldchain,27255,2025-04-05 00:00:00.000 UTC,46,1947.4922577298373
ethereum,2,2025-01-27 00:00:00.000 UTC,2,7.5755026207794405
unichain,7069,2025-03-30 00:00:00.000 UTC,2623,59613.806267856744
ethereum,17593,2025-05-16 00:00:00.000 UTC,5523,318595301.57970756
arbitrum,42289,2025-02-28 00:00:00.000 UTC,2567,17243754.874244377
bnb,13707,2025-04-08 00:00:00.000 UTC,1235,376964.78103690327
avalanche_c,1157,2025-03-18 00:00:00.000 UTC,218,18795.12021128211
avalanche_c,791,2025-02-14 00:00:00.000 UTC,137,11843.394695157132
blast,29,2025-03-16 00:00:00.000 UTC,16,3.8106119084475703
ethereum,19815,2025-05-19 00:00:00.000 UTC,5594,242431178.55465323
ethereum,14768,2025-04-27 00:00:00.000 UTC,3901,128859946.22979759
optimism,3042,2025-02-02 00:00:00.000 UTC,138,217450.9037422741
base,76738,2025-04-10 00:00:00.000 UTC,14042,4868213.828487135
optimism,12108,2025-04-02 00:00:00.000 UTC,1133,417092.294733225
ethereum,13346,2025-03-10 00:00:00.000 UTC,5013,31934444.036838077
base,75988,2025-05-05 00:00:00.000 UTC,12530,15862449.49238812
optimism,8160,2025-02-08 00:00:00.000 UTC,682,104227.94465726051
avalanche_c,838,2025-02-15 00:00:00.000 UTC,151,9319.95001646221
bnb,150865,2025-05-23 00:00:00.000 UTC,13383,70891913.83781707
worldchain,225,2025-02-03 00:00:00.000 UTC,3,142.95436514632974
polygon,29061,2025-05-05 00:00:00.000 UTC,3968,4842858.995527458
avalanche_c,1320,2025-03-13 00:00:00.000 UTC,454,11791.267593881526
zora,26,2025-05-01 00:00:00.000 UTC,7,17.409431636688726
worldchain,49454,2025-04-22 00:00:00.000 UTC,67,13364.794234697983
blast,16,2025-05-29 00:00:00.000 UTC,8,2.6739232287293446
zora,52,2025-05-14 00:00:00.000 UTC,7,67.18171778886646
unichain,74359,2025-05-01 00:00:00.000 UTC,5687,280289739.83777034
avalanche_c,1618,2025-05-06 00:00:00.000 UTC,312,14689.246991570695
polygon,27633,2025-04-03 00:00:00.000 UTC,3343,2033445.8938909983
avalanche_c,2958,2025-05-24 00:00:00.000 UTC,624,96208.17353853853
bnb,6156,2025-02-08 00:00:00.000 UTC,2179,215875.0421681113
zora,10,2025-03-11 00:00:00.000 UTC,1,188.2077852079239
base,63810,2025-03-09 00:00:00.000 UTC,9276,6583556.62067064
base,25381,2025-02-11 00:00:00.000 UTC,5164,2916832.289349644
base,65075,2025-05-02 00:00:00.000 UTC,11530,40962856.76156571
optimism,9501,2025-03-01 00:00:00.000 UTC,890,127556.56428803195
blast,20,2025-03-02 00:00:00.000 UTC,9,6.075072883955968
base,75138,2025-03-31 00:00:00.000 UTC,9034,7707874.694997469
ethereum,16332,2025-04-30 00:00:00.000 UTC,4812,177162929.20519003
ethereum,20677,2025-04-25 00:00:00.000 UTC,4765,118716036.10650893
bnb,5985,2025-04-05 00:00:00.000 UTC,991,276829.4505941546
zora,8,2025-02-07 00:00:00.000 UTC,2,0.3238882756857698
blast,16,2025-04-11 00:00:00.000 UTC,9,1.107392760829545
zora,31,2025-05-17 00:00:00.000 UTC,5,24.964012171612907
ethereum,8489,2025-02-09 00:00:00.000 UTC,4713,7269305.837895495
arbitrum,77078,2025-05-12 00:00:00.000 UTC,4562,93471824.56251392
optimism,10969,2025-04-27 00:00:00.000 UTC,1620,135819.44719038022
bnb,14502,2025-03-04 00:00:00.000 UTC,5766,775662.240752078
arbitrum,25559,2025-03-01 00:00:00.000 UTC,1691,7243736.412868484
unichain,56068,2025-04-24 00:00:00.000 UTC,8087,225925717.87903285
polygon,22419,2025-04-06 00:00:00.000 UTC,3180,3704240.4735614476
polygon,36790,2025-04-08 00:00:00.000 UTC,3412,3533701.0057123513
avalanche_c,3707,2025-05-30 00:00:00.000 UTC,824,102369.3838763177
arbitrum,28830,2025-04-15 00:00:00.000 UTC,2764,7822764.735105266
blast,23,2025-06-01 00:00:00.000 UTC,10,1.5563286791561362
bnb,10536,2025-03-07 00:00:00.000 UTC,3319,516057.5042829253
ethereum,15405,2025-03-24 00:00:00.000 UTC,6154,48078173.584204435
polygon,50488,2025-05-21 00:00:00.000 UTC,5627,9339623.372158336
polygon,33053,2025-03-10 00:00:00.000 UTC,3001,2045408.813432739
avalanche_c,2842,2025-05-25 00:00:00.000 UTC,552,48454.75301768917
zora,65,2025-04-28 00:00:00.000 UTC,5,99.97308468480699
ethereum,10914,2025-03-29 00:00:00.000 UTC,3745,39269696.72879631
zora,82,2025-04-26 00:00:00.000 UTC,14,115.58575894252813
blast,16,2025-04-17 00:00:00.000 UTC,8,1.3681517751647014
worldchain,47267,2025-05-26 00:00:00.000 UTC,210,16130.645363434376
optimism,13283,2025-04-22 00:00:00.000 UTC,2815,249356.69263904437
base,95717,2025-05-18 00:00:00.000 UTC,12217,9869206.554466384
optimism,17041,2025-03-26 00:00:00.000 UTC,1331,147256.16528796375
arbitrum,39912,2025-02-26 00:00:00.000 UTC,2437,20234033.188520793
zora,113,2025-04-06 00:00:00.000 UTC,13,368.2346533719272
worldchain,2,2025-01-31 00:00:00.000 UTC,2,0.220678740891
arbitrum,1841,2025-01-30 00:00:00.000 UTC,19,223293.26827057652
worldchain,7379,2025-03-07 00:00:00.000 UTC,19,189.05425562047083
zora,68,2025-05-08 00:00:00.000 UTC,6,70.66286833680037
ethereum,16953,2025-04-28 00:00:00.000 UTC,4432,165346065.2524712
bnb,13319,2025-04-27 00:00:00.000 UTC,5100,1264616.2459864758
unichain,2314,2025-03-01 00:00:00.000 UTC,395,107193.53577958664
base,26829,2025-02-13 00:00:00.000 UTC,5888,2782868.479382898
optimism,7143,2025-04-08 00:00:00.000 UTC,1138,161912.94230955257
base,117351,2025-05-20 00:00:00.000 UTC,14142,12052588.474170996
ethereum,18047,2025-04-15 00:00:00.000 UTC,6800,177471436.40719062
polygon,20686,2025-02-19 00:00:00.000 UTC,2093,1517668.3680875658
polygon,23404,2025-02-06 00:00:00.000 UTC,3052,1862498.9111361182
optimism,10572,2025-02-13 00:00:00.000 UTC,952,123581.19627215555
unichain,2397,2025-03-14 00:00:00.000 UTC,359,80282.54520898212
avalanche_c,1159,2025-02-25 00:00:00.000 UTC,402,6673.382612152865
blast,16,2025-02-22 00:00:00.000 UTC,13,1.3891940845697537
worldchain,31918,2025-04-03 00:00:00.000 UTC,33,3117.521617687069
blast,11,2025-02-19 00:00:00.000 UTC,8,0.842090614376003
polygon,20737,2025-05-03 00:00:00.000 UTC,3035,1751038.559542764
avalanche_c,3947,2025-05-14 00:00:00.000 UTC,668,87492.15495530496
optimism,9453,2025-03-17 00:00:00.000 UTC,982,95795.51505135749
unichain,7432,2025-02-21 00:00:00.000 UTC,3970,913480.8639098658
blast,7,2025-02-08 00:00:00.000 UTC,5,0.6537229589181379
ethereum,11059,2025-03-08 00:00:00.000 UTC,4839,14378834.919919986
unichain,86507,2025-04-29 00:00:00.000 UTC,8564,282565446.9207525
polygon,29275,2025-03-26 00:00:00.000 UTC,3647,1212982.7476309002
bnb,151644,2025-05-26 00:00:00.000 UTC,17114,186834824.27416027
worldchain,54089,2025-05-05 00:00:00.000 UTC,122,9568.480785978572
avalanche_c,2,2025-01-29 00:00:00.000 UTC,1,0.4369708770939129
arbitrum,54439,2025-05-17 00:00:00.000 UTC,3510,58166676.40171618
optimism,13437,2025-02-24 00:00:00.000 UTC,969,225012.85749962338
base,134669,2025-05-23 00:00:00.000 UTC,20799,16655747.08237923
optimism,23,2025-01-23 00:00:00.000 UTC,11,66.2571151934743
blast,20,2025-04-22 00:00:00.000 UTC,8,2.1198948740026413
blast,7,2025-03-26 00:00:00.000 UTC,6,1.9308828357225647
polygon,23295,2025-04-19 00:00:00.000 UTC,7670,1597756.7337413328
polygon,28317,2025-03-07 00:00:00.000 UTC,2683,2069997.1298741233
optimism,8608,2025-03-23 00:00:00.000 UTC,994,92898.59220088943
base,67608,2025-04-13 00:00:00.000 UTC,9669,4380689.172482873
arbitrum,36263,2025-04-29 00:00:00.000 UTC,3100,16004922.436744772
arbitrum,28085,2025-04-26 00:00:00.000 UTC,3303,8080975.737414904
unichain,146493,2025-05-10 00:00:00.000 UTC,5802,432946753.26679784
unichain,193562,2025-05-20 00:00:00.000 UTC,6588,455974794.0066371
arbitrum,17338,2025-02-10 00:00:00.000 UTC,1349,7994781.44164903
arbitrum,23101,2025-02-12 00:00:00.000 UTC,1190,7562782.0988826165
polygon,14585,2025-02-08 00:00:00.000 UTC,2657,787077.8232047869
avalanche_c,3135,2025-04-09 00:00:00.000 UTC,410,19925.239655376434
zora,1,2025-02-25 00:00:00.000 UTC,1,25.376326831548
blast,6,2025-04-19 00:00:00.000 UTC,3,0.2517793723207131
zora,166,2025-04-09 00:00:00.000 UTC,4,535.3354248934223
worldchain,67,2025-02-08 00:00:00.000 UTC,3,133.21672547054357
base,56358,2025-03-25 00:00:00.000 UTC,11938,4755523.48116211
base,75476,2025-03-12 00:00:00.000 UTC,11706,8494688.193672007
base,46586,2025-02-21 00:00:00.000 UTC,8139,4968857.34019033
optimism,6466,2025-04-11 00:00:00.000 UTC,1009,126462.34024860404
ethereum,15514,2025-05-14 00:00:00.000 UTC,5750,348090696.8066946
avalanche_c,3738,2025-05-27 00:00:00.000 UTC,938,63045.08548319746
worldchain,14,2025-02-16 00:00:00.000 UTC,5,4.273479381243817
unichain,66643,2025-05-04 00:00:00.000 UTC,5430,274209417.2136186
unichain,182070,2025-05-18 00:00:00.000 UTC,5364,405655971.72024894
unichain,9440,2025-03-25 00:00:00.000 UTC,4278,188529.47607566917
optimism,10881,2025-04-24 00:00:00.000 UTC,1652,164745.32031815624
base,57315,2025-05-04 00:00:00.000 UTC,10847,18191651.770544074
bnb,8803,2025-02-24 00:00:00.000 UTC,2027,433033.6582745642
worldchain,16737,2025-03-23 00:00:00.000 UTC,28,973.2077001509875
ethereum,3,2025-01-24 00:00:00.000 UTC,3,12.703046116127856
avalanche_c,2,2025-01-24 00:00:00.000 UTC,1,0.8506152184312401
arbitrum,17685,2025-03-30 00:00:00.000 UTC,2036,3330459.4328148565
polygon,11222,2025-02-22 00:00:00.000 UTC,1691,1078491.6504073502
blast,12,2025-04-27 00:00:00.000 UTC,7,1.202393383690633
zora,25,2025-05-22 00:00:00.000 UTC,5,31.088182417837203
worldchain,27733,2025-05-13 00:00:00.000 UTC,218,9361.38525592675
polygon,25680,2025-03-13 00:00:00.000 UTC,3336,1043832.0424125569
bnb,6751,2025-02-05 00:00:00.000 UTC,1631,266015.50797751383
blast,20,2025-05-24 00:00:00.000 UTC,10,1.1164796944302111
optimism,32331,2025-05-15 00:00:00.000 UTC,3867,1123409.3040725135
arbitrum,31615,2025-05-01 00:00:00.000 UTC,3611,13237455.71117764
arbitrum,16021,2025-02-23 00:00:00.000 UTC,858,4073711.495144867
unichain,5739,2025-02-13 00:00:00.000 UTC,2548,295901.54255609325
arbitrum,48623,2025-05-28 00:00:00.000 UTC,4184,38470363.98495448
bnb,17474,2025-04-03 00:00:00.000 UTC,8133,1045513.8996561175
avalanche_c,1223,2025-03-16 00:00:00.000 UTC,221,25569.36792543259
zora,4,2025-02-28 00:00:00.000 UTC,1,86.37653657948984
optimism,28909,2025-05-18 00:00:00.000 UTC,3809,1105886.1214130383
bnb,13228,2025-03-23 00:00:00.000 UTC,3925,709913.6480789913
polygon,42384,2025-04-22 00:00:00.000 UTC,4467,4802664.687202978
ethereum,17999,2025-04-09 00:00:00.000 UTC,5797,251569768.61835253
bnb,18934,2025-04-24 00:00:00.000 UTC,8348,958841.9204819489
unichain,147,2025-02-02 00:00:00.000 UTC,79,42188.46221158665
worldchain,25936,2025-04-16 00:00:00.000 UTC,57,4191.321573550941
blast,39,2025-05-11 00:00:00.000 UTC,24,4.010256982877555
zora,49,2025-03-21 00:00:00.000 UTC,13,181.2867678193021
ethereum,15666,2025-02-25 00:00:00.000 UTC,6033,54290317.71168475
base,127991,2025-01-31 00:00:00.000 UTC,6411,80550161.89044169
ethereum,15592,2025-06-04 00:00:00.000 UTC,6448,216900892.5553565
bnb,217040,2025-05-29 00:00:00.000 UTC,26997,186538483.015894
polygon,19578,2025-02-03 00:00:00.000 UTC,1539,2307058.5776603236
polygon,28594,2025-05-24 00:00:00.000 UTC,4132,3823037.6441360195
worldchain,27597,2025-05-15 00:00:00.000 UTC,190,8201.956483809116
zora,59,2025-05-19 00:00:00.000 UTC,5,64.66937279542816
zora,72,2025-03-27 00:00:00.000 UTC,14,158.46599066342796
worldchain,8933,2025-03-28 00:00:00.000 UTC,26,1403.7938890171667
base,79445,2025-04-25 00:00:00.000 UTC,16459,4498491.075079753
optimism,6188,2025-04-20 00:00:00.000 UTC,1014,58395.89559320887
unichain,20279,2025-04-09 00:00:00.000 UTC,4228,121987.34198835761
ethereum,17826,2025-05-15 00:00:00.000 UTC,5713,233273270.71913627
ethereum,17828,2025-05-20 00:00:00.000 UTC,5564,283739706.41062707
blast,31,2025-03-06 00:00:00.000 UTC,18,5.472948672394731
worldchain,25450,2025-06-02 00:00:00.000 UTC,121,8950.890613560132
unichain,6932,2025-03-02 00:00:00.000 UTC,1428,1058019.6759817472
polygon,33088,2025-04-10 00:00:00.000 UTC,3706,3383448.0245333742
worldchain,26,2025-01-30 00:00:00.000 UTC,10,3.9693343230606786
polygon,15075,2025-02-23 00:00:00.000 UTC,1821,990695.0474965482
polygon,2,2025-01-22 00:00:00.000 UTC,2,0.45773176067024934
arbitrum,48316,2025-03-07 00:00:00.000 UTC,1961,32004866.709454957
bnb,8742,2025-04-12 00:00:00.000 UTC,1854,530075.2851304335
worldchain,34113,2025-05-30 00:00:00.000 UTC,120,8800.710922371238
optimism,1624,2025-02-01 00:00:00.000 UTC,110,40900.07905210605
zora,15,2025-03-06 00:00:00.000 UTC,12,139.3521120648582
ethereum,8359,2025-02-13 00:00:00.000 UTC,4484,11027614.608095864
base,61113,2025-03-24 00:00:00.000 UTC,12853,5626289.843632937
arbitrum,20709,2025-04-06 00:00:00.000 UTC,2936,6206304.286846546
ethereum,18950,2025-04-29 00:00:00.000 UTC,4702,165298870.59766185
unichain,4090,2025-02-19 00:00:00.000 UTC,1238,411723.7424911849
worldchain,36436,2025-04-12 00:00:00.000 UTC,63,5940.647027262603
bnb,10,2025-01-27 00:00:00.000 UTC,9,13.887036067993916
zora,135,2025-03-23 00:00:00.000 UTC,29,217.8153906265061
ethereum,12762,2025-05-04 00:00:00.000 UTC,4251,95887409.09167714
bnb,9092,2025-02-07 00:00:00.000 UTC,2559,379966.5844725794
avalanche_c,614,2025-03-20 00:00:00.000 UTC,225,7063.751598520631
base,30421,2025-02-19 00:00:00.000 UTC,6358,2932321.490829634
avalanche_c,3647,2025-05-29 00:00:00.000 UTC,794,80467.90791836825
optimism,11390,2025-03-02 00:00:00.000 UTC,1098,297701.30248856056
ethereum,22768,2025-05-23 00:00:00.000 UTC,7127,378254611.41705656
optimism,13740,2025-02-07 00:00:00.000 UTC,1017,682363.8207746194
base,63260,2025-04-28 00:00:00.000 UTC,12621,6803967.05753935
polygon,20367,2025-05-04 00:00:00.000 UTC,3042,1779527.3664607941
polygon,51313,2025-05-09 00:00:00.000 UTC,6144,6968377.855380203
zora,165,2025-04-24 00:00:00.000 UTC,78,249.9144810077451
blast,29,2025-03-09 00:00:00.000 UTC,16,5.496330724088168
arbitrum,4,2025-01-26 00:00:00.000 UTC,1,1.1994636765281845
base,81364,2025-03-10 00:00:00.000 UTC,12239,8892816.513072992
arbitrum,18628,2025-03-29 00:00:00.000 UTC,2329,3638374.4421843546
bnb,18935,2025-04-18 00:00:00.000 UTC,10613,1021783.920862457
bnb,6758,2025-02-04 00:00:00.000 UTC,1346,393040.426794125
polygon,30367,2025-02-26 00:00:00.000 UTC,2533,1984095.677851219
base,45342,2025-03-27 00:00:00.000 UTC,9669,4108192.7335466985
arbitrum,40630,2025-04-08 00:00:00.000 UTC,2716,9081578.04730261
unichain,3024,2025-03-05 00:00:00.000 UTC,451,169936.06386806842
ethereum,15024,2025-03-25 00:00:00.000 UTC,6040,57715386.69864077
ethereum,11039,2025-03-23 00:00:00.000 UTC,4679,22545788.258491237
optimism,8067,2025-03-08 00:00:00.000 UTC,1017,67007.9142051027
unichain,32,2025-02-09 00:00:00.000 UTC,12,14199.66648859802
base,22705,2025-02-09 00:00:00.000 UTC,5024,2489583.520184906
unichain,152475,2025-05-08 00:00:00.000 UTC,5821,649919540.9069028
bnb,17996,2025-04-09 00:00:00.000 UTC,1632,987187.4228021217
optimism,36946,2025-06-04 00:00:00.000 UTC,2710,764215.0716532536
unichain,2025,2025-03-08 00:00:00.000 UTC,378,117677.49713973347
blast,24,2025-03-30 00:00:00.000 UTC,19,2.186205900782373
bnb,18313,2025-03-11 00:00:00.000 UTC,11134,1489091.197180599
optimism,6117,2025-04-17 00:00:00.000 UTC,1152,76163.87027805562
avalanche_c,787,2025-02-13 00:00:00.000 UTC,183,9238.963434175423
bnb,8761,2025-04-15 00:00:00.000 UTC,1699,477283.01013675635
unichain,114062,2025-06-04 00:00:00.000 UTC,4940,273181852.3097445
blast,48,2025-05-09 00:00:00.000 UTC,23,8.187790606691893
worldchain,43,2025-03-03 00:00:00.000 UTC,8,107.72178408153519
ethereum,16285,2025-05-02 00:00:00.000 UTC,5803,149740256.24752238
polygon,40159,2025-04-07 00:00:00.000 UTC,3992,5875277.327892913
bnb,8716,2025-02-28 00:00:00.000 UTC,2609,311513.86338514555
zora,125,2025-04-21 00:00:00.000 UTC,20,361.22811529199083
blast,28,2025-04-10 00:00:00.000 UTC,13,2.7692778578838233
zora,6,2025-02-05 00:00:00.000 UTC,2,0.28751978173357334
worldchain,12,2025-02-28 00:00:00.000 UTC,5,8.204971399905864
unichain,59,2025-02-04 00:00:00.000 UTC,37,64812.720703257364
avalanche_c,1923,2025-03-14 00:00:00.000 UTC,897,11640.457286424291
worldchain,29334,2025-04-15 00:00:00.000 UTC,47,3153.9490335716096
blast,40,2025-03-03 00:00:00.000 UTC,9,8.976920540549658
arbitrum,47079,2025-03-10 00:00:00.000 UTC,2446,28252083.03222736
base,78364,2025-05-16 00:00:00.000 UTC,11905,23116704.442298997
optimism,7046,2025-02-15 00:00:00.000 UTC,948,55392.610925516536
arbitrum,33638,2025-05-26 00:00:00.000 UTC,4307,21675539.498507015
polygon,23187,2025-03-09 00:00:00.000 UTC,2645,1197469.7840440706
bnb,13700,2025-04-26 00:00:00.000 UTC,5849,937316.1052651529
worldchain,31075,2025-04-09 00:00:00.000 UTC,49,2100.5553252901373
base,32120,2025-02-06 00:00:00.000 UTC,5306,5138516.536770529
arbitrum,43849,2025-03-05 00:00:00.000 UTC,1833,20285739.097849034
optimism,11266,2025-02-04 00:00:00.000 UTC,652,1462661.2290783892
avalanche_c,2851,2025-05-12 00:00:00.000 UTC,616,97348.84154281311
avalanche_c,4999,2025-05-23 00:00:00.000 UTC,781,129475.78316076062
zora,1,2025-02-02 00:00:00.000 UTC,1,11.602688219231998
zora,5,2025-03-12 00:00:00.000 UTC,1,95.38373932120398
avalanche_c,850,2025-03-31 00:00:00.000 UTC,249,49605.21326818817
avalanche_c,1678,2025-03-25 00:00:00.000 UTC,356,22602.176854350982
avalanche_c,1604,2025-04-29 00:00:00.000 UTC,339,16211.353200457404
zora,2,2025-03-01 00:00:00.000 UTC,1,44.50806825887256
blast,22,2025-02-26 00:00:00.000 UTC,10,3.1179721586226474
unichain,12566,2025-03-24 00:00:00.000 UTC,6150,275589.2919267819
ethereum,17373,2025-03-03 00:00:00.000 UTC,6217,81369590.42226042
worldchain,44016,2025-05-04 00:00:00.000 UTC,124,7769.848215577245
avalanche_c,1465,2025-02-26 00:00:00.000 UTC,490,12538.915512599191
arbitrum,14883,2025-02-22 00:00:00.000 UTC,853,4825503.940377723
zora,138,2025-04-03 00:00:00.000 UTC,33,267.3023781878127
zora,110,2025-04-08 00:00:00.000 UTC,3,346.4818840077806
worldchain,57630,2025-04-25 00:00:00.000 UTC,134,13783.485145947805
zora,30,2025-05-20 00:00:00.000 UTC,1,33.86734136553032
ethereum,8762,2025-03-30 00:00:00.000 UTC,3336,31791461.235495765
optimism,12343,2025-02-26 00:00:00.000 UTC,1277,198584.32520830233
bnb,8670,2025-02-09 00:00:00.000 UTC,2422,1117650.9249057753
worldchain,30625,2025-05-14 00:00:00.000 UTC,184,7942.825373635717
worldchain,27877,2025-05-17 00:00:00.000 UTC,143,10376.097786769464
avalanche_c,905,2025-02-11 00:00:00.000 UTC,130,12866.534833595886
zora,39,2025-05-23 00:00:00.000 UTC,5,48.28428187160875
arbitrum,27648,2025-04-27 00:00:00.000 UTC,2987,8787475.450602379
unichain,87969,2025-04-25 00:00:00.000 UTC,6517,259012481.0196679
polygon,24487,2025-03-17 00:00:00.000 UTC,3375,1045505.9438254064
bnb,14458,2025-04-28 00:00:00.000 UTC,5290,1775053.4338794816
arbitrum,3758,2025-01-31 00:00:00.000 UTC,81,487647.3613317313
avalanche_c,821,2025-03-30 00:00:00.000 UTC,247,85639.12959838736
blast,65,2025-05-10 00:00:00.000 UTC,26,6.187633190332185
worldchain,23,2025-02-09 00:00:00.000 UTC,1,58.63691568729679
base,64886,2025-03-08 00:00:00.000 UTC,8804,10144721.618287925
bnb,17115,2025-03-24 00:00:00.000 UTC,4848,1179166.2968686605
polygon,16993,2025-02-10 00:00:00.000 UTC,2703,1702459.4195375626
zora,53,2025-04-27 00:00:00.000 UTC,9,68.93392673053614
base,59743,2025-02-03 00:00:00.000 UTC,6302,18912096.67882127
bnb,19164,2025-03-27 00:00:00.000 UTC,10689,2718305.485236197
avalanche_c,4699,2025-05-13 00:00:00.000 UTC,814,284971.1117782135
worldchain,46553,2025-04-28 00:00:00.000 UTC,88,14997.08492070605
worldchain,33491,2025-05-20 00:00:00.000 UTC,139,8207.061989057249
blast,11,2025-02-21 00:00:00.000 UTC,7,1.896806452560097
bnb,47097,2025-05-19 00:00:00.000 UTC,12271,20293839.468359187
polygon,25923,2025-04-26 00:00:00.000 UTC,3684,2386350.0107013052
avalanche_c,3048,2025-04-10 00:00:00.000 UTC,359,16102.411540753092
base,106539,2025-04-22 00:00:00.000 UTC,24556,8106087.641235068
arbitrum,19667,2025-03-23 00:00:00.000 UTC,2085,3352020.2545961
polygon,25161,2025-03-14 00:00:00.000 UTC,3186,1287865.786746473
optimism,13405,2025-03-24 00:00:00.000 UTC,1481,150962.56427566844
unichain,132,2025-02-06 00:00:00.000 UTC,56,46140.12294253116
base,81064,2025-03-11 00:00:00.000 UTC,13369,10284007.500055294
optimism,19711,2025-05-16 00:00:00.000 UTC,2589,1165530.4903446613
unichain,192730,2025-05-19 00:00:00.000 UTC,5384,585281281.873423
optimism,5610,2025-04-19 00:00:00.000 UTC,1161,62883.08396997495
base,115244,2025-05-08 00:00:00.000 UTC,16104,21800314.318281703
blast,39,2025-04-09 00:00:00.000 UTC,17,6.95535167723389
ink,1,2025-04-02 00:00:00.000 UTC,1,0.049993031676
polygon,34183,2025-05-17 00:00:00.000 UTC,3513,5712960.361321304
arbitrum,20991,2025-03-26 00:00:00.000 UTC,3055,4675185.686177317
polygon,34006,2025-03-11 00:00:00.000 UTC,3730,1755548.8797501442
arbitrum,14362,2025-02-08 00:00:00.000 UTC,1307,2548086.303729686
polygon,19696,2025-02-07 00:00:00.000 UTC,2878,1917916.7090351642
avalanche_c,590,2025-02-23 00:00:00.000 UTC,134,6061.878842584349
blast,7,2025-04-20 00:00:00.000 UTC,4,0.708587480956402
blast,5,2025-03-25 00:00:00.000 UTC,3,0.3640958463495867
blast,16,2025-02-09 00:00:00.000 UTC,9,2.0705624257761195
bnb,12065,2025-03-01 00:00:00.000 UTC,4524,380746.42105739936
polygon,42839,2025-05-20 00:00:00.000 UTC,5203,10735868.423860345
zora,36,2025-05-11 00:00:00.000 UTC,7,35.943647504738244
bnb,22173,2025-05-04 00:00:00.000 UTC,3075,2700030.100138773
ethereum,11454,2025-03-01 00:00:00.000 UTC,4705,12478148.381207658
arbitrum,46060,2025-03-04 00:00:00.000 UTC,2246,23717996.822506215
polygon,25379,2025-04-29 00:00:00.000 UTC,3771,3621296.956564426
optimism,8213,2025-02-14 00:00:00.000 UTC,898,126601.30819067308
unichain,11451,2025-02-16 00:00:00.000 UTC,4981,110375.3493766096
zora,95,2025-03-26 00:00:00.000 UTC,21,212.2341729669088
blast,2,2025-02-15 00:00:00.000 UTC,2,0.21140776777723452
base,53432,2025-03-07 00:00:00.000 UTC,10357,12930309.487665636
unichain,3081,2025-03-07 00:00:00.000 UTC,402,247977.38471337772
arbitrum,25084,2025-02-05 00:00:00.000 UTC,1436,6690260.906909604
ethereum,562,2025-01-31 00:00:00.000 UTC,303,780100.6524196471
bnb,23935,2025-05-01 00:00:00.000 UTC,5003,3052606.2077033236
base,67815,2025-04-12 00:00:00.000 UTC,10719,3279070.750996118
optimism,7863,2025-04-14 00:00:00.000 UTC,911,203724.02623051443
bnb,11176,2025-04-02 00:00:00.000 UTC,2818,813926.7189386965
polygon,43050,2025-05-23 00:00:00.000 UTC,5417,9275852.919793209
avalanche_c,3546,2025-05-28 00:00:00.000 UTC,673,61249.74532457019
worldchain,57331,2025-04-26 00:00:00.000 UTC,94,19897.174573819633
unichain,6,2025-02-03 00:00:00.000 UTC,5,2270.176544
ethereum,9153,2025-02-12 00:00:00.000 UTC,4774,18537335.40110369
avalanche_c,2855,2025-04-13 00:00:00.000 UTC,384,26891.692934417915
worldchain,6673,2025-03-30 00:00:00.000 UTC,24,1270.3092163059143
zora,8,2025-03-07 00:00:00.000 UTC,1,175.15446305619875
bnb,9538,2025-03-30 00:00:00.000 UTC,1768,523046.23014128243
worldchain,50982,2025-05-01 00:00:00.000 UTC,115,10808.832926429448
polygon,26231,2025-03-31 00:00:00.000 UTC,3168,1960939.696174063
zora,42,2025-04-05 00:00:00.000 UTC,5,178.16739295966428
unichain,188954,2025-05-16 00:00:00.000 UTC,5319,413693408.4747227
unichain,177083,2025-05-13 00:00:00.000 UTC,6528,608788870.160668
bnb,8891,2025-02-26 00:00:00.000 UTC,2810,325195.4676266181
avalanche_c,905,2025-03-15 00:00:00.000 UTC,191,16347.540669817696
blast,30,2025-03-19 00:00:00.000 UTC,16,3.69842022102353
ink,12,2025-05-22 00:00:00.000 UTC,6,1.2628863088266988
avalanche_c,1,2025-01-28 00:00:00.000 UTC,1,0.8252561885980001
base,56741,2025-03-17 00:00:00.000 UTC,10606,8308379.002253866
unichain,15748,2025-04-12 00:00:00.000 UTC,3868,72056.95905288956
base,98007,2025-05-26 00:00:00.000 UTC,20662,9385140.262134403
avalanche_c,1327,2025-03-26 00:00:00.000 UTC,355,17513.422873306004
worldchain,35382,2025-06-04 00:00:00.000 UTC,136,5952.793842825621
bnb,4722,2025-02-03 00:00:00.000 UTC,731,275728.3286846139
worldchain,6987,2025-03-06 00:00:00.000 UTC,21,195.80296104804034
ethereum,8098,2025-02-16 00:00:00.000 UTC,4179,10056522.881104002
base,48633,2025-03-30 00:00:00.000 UTC,7898,4156386.32811519
base,19947,2025-02-16 00:00:00.000 UTC,4861,1349128.3485268534
worldchain,40751,2025-04-08 00:00:00.000 UTC,32,3431.012417123302
arbitrum,14808,2025-02-09 00:00:00.000 UTC,1106,4608245.471416598
blast,23,2025-03-28 00:00:00.000 UTC,14,4.198290206693987
base,130789,2025-05-21 00:00:00.000 UTC,12689,23813660.2249777
avalanche_c,609,2025-02-20 00:00:00.000 UTC,113,6009.768141844119
ethereum,15168,2025-04-08 00:00:00.000 UTC,4839,257133386.6670627
avalanche_c,2079,2025-04-08 00:00:00.000 UTC,297,12583.11759922762
avalanche_c,2833,2025-05-09 00:00:00.000 UTC,645,69310.82091812135
bnb,26845,2025-04-22 00:00:00.000 UTC,10551,3912711.2772475206
bnb,13397,2025-04-21 00:00:00.000 UTC,3468,1041169.9258802946
worldchain,8195,2025-03-10 00:00:00.000 UTC,23,193.33276565642092
base,70175,2025-04-26 00:00:00.000 UTC,13694,2493604.7788389996
optimism,17576,2025-05-07 00:00:00.000 UTC,1987,1007864.2072398828
arbitrum,39710,2025-04-28 00:00:00.000 UTC,3111,17087576.615092598
unichain,4160,2025-02-26 00:00:00.000 UTC,995,604591.9386900951
unichain,4365,2025-02-12 00:00:00.000 UTC,1748,278002.4518557834
polygon,26140,2025-02-04 00:00:00.000 UTC,2564,2531637.8615402007
blast,9,2025-02-24 00:00:00.000 UTC,5,1.4978210099685314
base,31040,2025-02-07 00:00:00.000 UTC,5616,3375618.3632921185
bnb,9396,2025-03-10 00:00:00.000 UTC,2954,330688.14777178556
avalanche_c,2652,2025-04-22 00:00:00.000 UTC,427,31883.55175316955
optimism,29600,2025-05-13 00:00:00.000 UTC,3245,1820551.9277793565
ethereum,16718,2025-05-17 00:00:00.000 UTC,5206,144211984.97833103
worldchain,19,2025-03-01 00:00:00.000 UTC,6,45.98790420648736
blast,27,2025-05-02 00:00:00.000 UTC,14,1.5336331146771562
unichain,204094,2025-05-21 00:00:00.000 UTC,6281,608198386.4549526
arbitrum,44835,2025-03-03 00:00:00.000 UTC,2294,23262986.643412605
avalanche_c,835,2025-02-17 00:00:00.000 UTC,143,8941.77267944337
ethereum,10455,2025-04-18 00:00:00.000 UTC,3934,104854062.23529053
polygon,6211,2025-01-31 00:00:00.000 UTC,425,427095.63981051906
zora,42,2025-04-18 00:00:00.000 UTC,14,273.32981576882713
blast,13,2025-04-05 00:00:00.000 UTC,9,0.9616658676575698
polygon,43690,2025-05-14 00:00:00.000 UTC,5418,6261360.158951731
bnb,20665,2025-04-25 00:00:00.000 UTC,10147,1601831.9488928914
unichain,125737,2025-06-03 00:00:00.000 UTC,5855,261272620.03010312
worldchain,29589,2025-05-16 00:00:00.000 UTC,186,13572.970029619084
worldchain,28223,2025-04-06 00:00:00.000 UTC,37,1803.3426995529292
blast,38,2025-05-19 00:00:00.000 UTC,17,4.231467005657791
unichain,167487,2025-05-09 00:00:00.000 UTC,5477,587832398.8194014
optimism,9653,2025-02-23 00:00:00.000 UTC,823,144615.8004346482
polygon,27512,2025-03-05 00:00:00.000 UTC,2951,1625856.9275654394
zora,2,2025-01-30 00:00:00.000 UTC,2,4.248591063437999
polygon,12992,2025-04-05 00:00:00.000 UTC,2585,1103713.6398739952
worldchain,19671,2025-03-20 00:00:00.000 UTC,30,1089.9403775384887
worldchain,2508,2025-03-05 00:00:00.000 UTC,21,115.4042312864145
base,42309,2025-02-26 00:00:00.000 UTC,7661,4268516.868375516
arbitrum,57417,2025-05-18 00:00:00.000 UTC,3938,62335871.25477135
arbitrum,25642,2025-03-08 00:00:00.000 UTC,1736,8172948.113676436
base,64736,2025-05-01 00:00:00.000 UTC,12427,22294314.49698488
avalanche_c,376,2025-02-03 00:00:00.000 UTC,29,4426.648595240333
polygon,32397,2025-03-04 00:00:00.000 UTC,2675,1905789.1792665212
polygon,19000,2025-03-08 00:00:00.000 UTC,2428,916907.8054291041
zora,63,2025-03-30 00:00:00.000 UTC,13,180.1277995935648
bnb,8341,2025-02-06 00:00:00.000 UTC,2309,329395.516544775
worldchain,31134,2025-04-02 00:00:00.000 UTC,45,3995.482020428426
ethereum,3434,2025-02-03 00:00:00.000 UTC,1805,17211288.670675702
ethereum,14663,2025-05-13 00:00:00.000 UTC,5425,266753701.19705606
optimism,11102,2025-02-18 00:00:00.000 UTC,991,192030.37632634788
avalanche_c,1550,2025-05-05 00:00:00.000 UTC,310,12665.453759492506
zora,11,2025-06-01 00:00:00.000 UTC,3,12.333982923796311
avalanche_c,755,2025-02-08 00:00:00.000 UTC,148,12990.256106177207
ethereum,74,2025-01-30 00:00:00.000 UTC,16,78505.46475176634
bnb,27495,2025-05-16 00:00:00.000 UTC,6567,12762831.874338677
optimism,4487,2025-04-18 00:00:00.000 UTC,1217,70469.83983693866
avalanche_c,3286,2025-05-17 00:00:00.000 UTC,507,46555.33111035555
avalanche_c,2605,2025-03-07 00:00:00.000 UTC,819,31664.110349641014
arbitrum,47040,2025-06-02 00:00:00.000 UTC,4820,30922095.55336592
bnb,3778,2025-02-02 00:00:00.000 UTC,516,762111.3316336735
zora,205,2025-04-23 00:00:00.000 UTC,140,406.7282925800451
polygon,41541,2025-05-18 00:00:00.000 UTC,4213,7795040.622458944
unichain,21730,2025-04-07 00:00:00.000 UTC,4639,187891.00097528542
unichain,164,2025-02-07 00:00:00.000 UTC,26,12819.663561769943
unichain,97193,2025-05-26 00:00:00.000 UTC,5138,246994593.6445552
polygon,30711,2025-05-26 00:00:00.000 UTC,4742,4501529.141146748
blast,7,2025-02-13 00:00:00.000 UTC,5,0.7688900356590099
polygon,44133,2025-04-09 00:00:00.000 UTC,3937,6111679.304067096
optimism,9639,2025-03-09 00:00:00.000 UTC,1098,116236.10233229442
ethereum,16937,2025-04-22 00:00:00.000 UTC,6075,110509933.40209866
avalanche_c,911,2025-02-22 00:00:00.000 UTC,156,9937.662900781355
blast,11,2025-01-31 00:00:00.000 UTC,10,4.231083311131797
blast,9,2025-02-27 00:00:00.000 UTC,5,0.8724192767585135
ethereum,7387,2025-02-08 00:00:00.000 UTC,3993,5495090.434827566
base,43309,2025-03-03 00:00:00.000 UTC,9085,2814964.75271519
base,29117,2025-02-12 00:00:00.000 UTC,5786,3346024.957785522
arbitrum,23168,2025-04-01 00:00:00.000 UTC,2525,6615896.551268036
ethereum,16874,2025-03-07 00:00:00.000 UTC,6354,48694592.38929438
arbitrum,43809,2025-03-06 00:00:00.000 UTC,2073,20421566.798818674
ethereum,15102,2025-05-05 00:00:00.000 UTC,4817,158403394.09715444
blast,51,2025-05-14 00:00:00.000 UTC,29,5.015938394065749
optimism,33355,2025-05-09 00:00:00.000 UTC,2994,1962809.2874484486
arbitrum,22758,2025-05-03 00:00:00.000 UTC,2906,10734419.722943734
bnb,13126,2025-03-15 00:00:00.000 UTC,3369,286610.45152250194
avalanche_c,4636,2025-05-22 00:00:00.000 UTC,762,172244.26244679725
blast,20,2025-04-14 00:00:00.000 UTC,11,1.642993058782863
zora,3,2025-02-15 00:00:00.000 UTC,2,2.7985619187166053
arbitrum,49866,2025-04-23 00:00:00.000 UTC,7961,12466130.914603008
unichain,7076,2025-03-21 00:00:00.000 UTC,2557,106868.2492535528
optimism,4785,2025-04-05 00:00:00.000 UTC,1183,107642.75984554601
bnb,19738,2025-03-21 00:00:00.000 UTC,5924,1337229.0197469166
ethereum,14108,2025-03-12 00:00:00.000 UTC,5053,20693199.67871249
ethereum,12178,2025-03-18 00:00:00.000 UTC,4689,16524969.68810556
ethereum,14101,2025-04-17 00:00:00.000 UTC,4841,185125120.0870982
bnb,9331,2025-04-16 00:00:00.000 UTC,1598,617023.7165473218
polygon,9979,2025-02-01 00:00:00.000 UTC,1295,480648.47092727525
zora,61,2025-05-10 00:00:00.000 UTC,8,64.60178311925537
blast,25,2025-05-17 00:00:00.000 UTC,8,2.0896358012002887
base,60,2025-01-27 00:00:00.000 UTC,17,129.3045104072818
polygon,40381,2025-05-29 00:00:00.000 UTC,4896,6136024.404039277
avalanche_c,1861,2025-04-17 00:00:00.000 UTC,352,10188.409059454625
worldchain,6650,2025-03-16 00:00:00.000 UTC,19,148.71439118895617
worldchain,38,2025-02-11 00:00:00.000 UTC,7,16.88474205110407
bnb,1,2025-01-28 00:00:00.000 UTC,1,0.18347370419392428
optimism,11961,2025-04-07 00:00:00.000 UTC,1426,345246.44947001484
ethereum,15716,2025-04-13 00:00:00.000 UTC,5241,152584939.54344875
zora,142,2025-04-14 00:00:00.000 UTC,19,710.8437307027563
polygon,4,2025-01-26 00:00:00.000 UTC,3,0.7714284759144332
avalanche_c,1915,2025-03-24 00:00:00.000 UTC,435,24011.73721631618
polygon,24810,2025-02-27 00:00:00.000 UTC,2377,1287918.5542901924
worldchain,61495,2025-05-07 00:00:00.000 UTC,110,6774.699364622898
ethereum,10143,2025-02-14 00:00:00.000 UTC,5123,16827385.296234623
base,57520,2025-02-02 00:00:00.000 UTC,4274,16866663.40589177
zora,25,2025-03-13 00:00:00.000 UTC,2,114.45767840741566
base,69986,2025-04-15 00:00:00.000 UTC,8678,2495944.947904159
arbitrum,18993,2025-02-14 00:00:00.000 UTC,875,5265391.758571209
optimism,9225,2025-05-03 00:00:00.000 UTC,1653,113307.1012489349
worldchain,33187,2025-04-11 00:00:00.000 UTC,56,4136.32914288557
optimism,10128,2025-03-18 00:00:00.000 UTC,1370,84411.49173325533
blast,20,2025-05-23 00:00:00.000 UTC,8,3.1503545261314367
arbitrum,13787,2025-04-18 00:00:00.000 UTC,2857,4282707.196584519
optimism,10187,2025-02-20 00:00:00.000 UTC,740,126355.60570865068
unichain,7452,2025-02-23 00:00:00.000 UTC,3726,586902.371096807
worldchain,31936,2025-06-03 00:00:00.000 UTC,140,11097.111765782352
unichain,2534,2025-03-06 00:00:00.000 UTC,393,145730.18297400072
optimism,1109,2025-01-31 00:00:00.000 UTC,46,29117.210874709148
worldchain,28,2025-02-18 00:00:00.000 UTC,6,24.75872964287128
avalanche_c,3538,2025-05-19 00:00:00.000 UTC,527,57707.43615115211
bnb,11580,2025-04-11 00:00:00.000 UTC,1828,555129.4459010481
ethereum,21172,2025-05-27 00:00:00.000 UTC,5669,472515781.8642054
zora,2,2025-03-08 00:00:00.000 UTC,1,44.23062204879435
optimism,31604,2025-05-22 00:00:00.000 UTC,4630,1324944.0470269455
unichain,196866,2025-05-12 00:00:00.000 UTC,6449,567191199.6831276
worldchain,35448,2025-05-21 00:00:00.000 UTC,202,8955.9244310384
ethereum,19219,2025-05-22 00:00:00.000 UTC,6744,415945139.8207222
polygon,28217,2025-06-01 00:00:00.000 UTC,3975,3560026.7072201027
bnb,10492,2025-02-11 00:00:00.000 UTC,2558,934419.9177257866
blast,27,2025-04-03 00:00:00.000 UTC,9,3.936369959690065
arbitrum,40465,2025-05-07 00:00:00.000 UTC,3406,32830239.93575472
ethereum,10060,2025-03-16 00:00:00.000 UTC,4157,9766367.52328823
unichain,46664,2025-04-21 00:00:00.000 UTC,5296,235390499.23655152
base,99128,2025-05-10 00:00:00.000 UTC,13616,17255805.803984776
optimism,14535,2025-03-04 00:00:00.000 UTC,1255,244177.815528412
polygon,27230,2025-06-04 00:00:00.000 UTC,3727,4740251.261274188
ethereum,13186,2025-03-21 00:00:00.000 UTC,5166,24115014.630550846
polygon,39297,2025-05-11 00:00:00.000 UTC,4689,4723665.867622679
unichain,37007,2025-04-16 00:00:00.000 UTC,5490,126444688.66730952
unichain,12059,2025-04-02 00:00:00.000 UTC,3307,239616.506592803
worldchain,8179,2025-03-15 00:00:00.000 UTC,19,102.93451002066818
polygon,24890,2025-04-20 00:00:00.000 UTC,4981,2032582.20101338
polygon,45303,2025-04-14 00:00:00.000 UTC,3687,3016108.1501509966
polygon,25355,2025-03-25 00:00:00.000 UTC,3762,1157412.9512686767
bnb,123493,2025-05-25 00:00:00.000 UTC,12219,113020019.34978084
avalanche_c,1048,2025-04-04 00:00:00.000 UTC,259,73992.26425807302
bnb,6,2025-01-23 00:00:00.000 UTC,6,2.3422073992222647
optimism,13,2025-01-25 00:00:00.000 UTC,8,2.7523169455568715
base,62856,2025-03-20 00:00:00.000 UTC,13105,10456309.993318588
base,59230,2025-03-26 00:00:00.000 UTC,11378,4933031.049933671
arbitrum,16642,2025-03-22 00:00:00.000 UTC,2425,2352662.0494452375
base,95890,2025-05-11 00:00:00.000 UTC,13125,19876332.226038456
polygon,28675,2025-04-27 00:00:00.000 UTC,3672,2718830.5227863034
arbitrum,25798,2025-02-18 00:00:00.000 UTC,979,6840215.365205914
bnb,253393,2025-06-03 00:00:00.000 UTC,22291,340992452.9719231
worldchain,65,2025-01-29 00:00:00.000 UTC,8,1.497963881278771
unichain,91197,2025-05-25 00:00:00.000 UTC,5359,248666435.68772656
base,64,2025-01-25 00:00:00.000 UTC,14,86.84230485715584
base,33980,2025-02-22 00:00:00.000 UTC,7024,2105070.08788074
unichain,8690,2025-03-20 00:00:00.000 UTC,2870,145273.4621859445
bnb,10694,2025-03-28 00:00:00.000 UTC,2870,694087.4215574296
unichain,15530,2025-04-10 00:00:00.000 UTC,3919,89655.03302347267
optimism,9737,2025-02-05 00:00:00.000 UTC,875,1102891.0152869003
bnb,6195,2025-02-23 00:00:00.000 UTC,1811,171980.75453941792
avalanche_c,619,2025-03-21 00:00:00.000 UTC,206,5022.125082389594
blast,65,2025-03-13 00:00:00.000 UTC,24,4.520365483497954
zora,130,2025-03-19 00:00:00.000 UTC,34,209.3853691380725
blast,12,2025-02-04 00:00:00.000 UTC,11,3.3368234232832066
zora,56,2025-05-06 00:00:00.000 UTC,6,39.933765457376666
ethereum,14216,2025-02-26 00:00:00.000 UTC,5356,46950365.74444228
arbitrum,37927,2025-05-02 00:00:00.000 UTC,3392,26416746.173986282
base,110899,2025-05-09 00:00:00.000 UTC,15990,23703759.466008697
worldchain,30709,2025-04-10 00:00:00.000 UTC,51,1889.7630578833964
polygon,20961,2025-02-13 00:00:00.000 UTC,2658,1634664.720359629
blast,19,2025-03-27 00:00:00.000 UTC,15,1.7809532429262276
blast,13,2025-04-01 00:00:00.000 UTC,6,2.1954598641371907
base,61992,2025-04-14 00:00:00.000 UTC,9568,3893958.3648461066
arbitrum,27818,2025-03-31 00:00:00.000 UTC,2862,7386218.443137611
ethereum,16808,2025-04-14 00:00:00.000 UTC,6552,145630816.69471177
bnb,9411,2025-02-25 00:00:00.000 UTC,2325,416401.5446355272
polygon,16629,2025-02-09 00:00:00.000 UTC,2787,1549815.2253615889
zora,172,2025-04-22 00:00:00.000 UTC,85,590.0973368034532
base,58,2025-01-26 00:00:00.000 UTC,16,50.626357856858725
blast,34,2025-04-28 00:00:00.000 UTC,15,2.0875637775647546
worldchain,8121,2025-03-14 00:00:00.000 UTC,21,117.28612038478252
base,64826,2025-03-13 00:00:00.000 UTC,13217,7020535.641910543
arbitrum,13341,2025-04-05 00:00:00.000 UTC,2003,3266337.818085791
base,22805,2025-02-08 00:00:00.000 UTC,4618,2146233.1431376315
unichain,17153,2025-04-08 00:00:00.000 UTC,4479,104905.23131496695
ethereum,19559,2025-05-21 00:00:00.000 UTC,5706,255314677.82407764
base,66855,2025-05-17 00:00:00.000 UTC,9815,6937148.813416228
unichain,5682,2025-02-11 00:00:00.000 UTC,1636,527830.8631664391
avalanche_c,2404,2025-03-03 00:00:00.000 UTC,565,34489.507792228884
unichain,1754,2025-03-15 00:00:00.000 UTC,446,50983.311804834746
polygon,3,2025-01-25 00:00:00.000 UTC,2,0.34344830178831814
base,58383,2025-04-03 00:00:00.000 UTC,9023,4622702.054968301
arbitrum,69183,2025-05-19 00:00:00.000 UTC,4688,49488168.26527291
arbitrum,66630,2025-05-29 00:00:00.000 UTC,5605,54130396.720272094
optimism,19451,2025-05-28 00:00:00.000 UTC,2641,1195548.729618173
zora,3,2025-02-27 00:00:00.000 UTC,1,70.00424101159763
blast,23,2025-03-08 00:00:00.000 UTC,11,3.2436735862036272
worldchain,36,2025-02-10 00:00:00.000 UTC,3,82.56752615986159
optimism,28374,2025-05-11 00:00:00.000 UTC,2667,674650.9136759388
unichain,13006,2025-03-28 00:00:00.000 UTC,6929,184295.67498360324
ethereum,12735,2025-03-13 00:00:00.000 UTC,5124,15833711.132419996
unichain,15582,2025-04-11 00:00:00.000 UTC,3716,70440.34514124173
ethereum,19438,2025-05-01 00:00:00.000 UTC,6513,215167736.30056047
ethereum,14561,2025-05-11 00:00:00.000 UTC,5230,173885494.20855477
bnb,30317,2025-04-30 00:00:00.000 UTC,9430,3431858.0105650784
optimism,9179,2025-03-13 00:00:00.000 UTC,1159,100748.13582356396
avalanche_c,1018,2025-04-18 00:00:00.000 UTC,254,6128.566944617948
zora,85,2025-03-18 00:00:00.000 UTC,2,236.69259149116758
worldchain,51748,2025-04-29 00:00:00.000 UTC,177,17752.710262301593
unichain,143719,2025-05-30 00:00:00.000 UTC,6160,475043607.71448123
worldchain,22159,2025-03-24 00:00:00.000 UTC,34,1726.6266877496714
polygon,12,2025-01-27 00:00:00.000 UTC,7,3.4487544470278046
base,65213,2025-04-08 00:00:00.000 UTC,8691,4415961.411447658
optimism,8921,2025-02-19 00:00:00.000 UTC,849,122720.68346675613
avalanche_c,1486,2025-05-01 00:00:00.000 UTC,370,15963.245786538708
arbitrum,6310,2025-02-01 00:00:00.000 UTC,303,1308542.0146661394
avalanche_c,377,2025-03-22 00:00:00.000 UTC,161,3637.9644364120772
unichain,430,2025-01-30 00:00:00.000 UTC,183,303282.8915369164
blast,58,2025-05-15 00:00:00.000 UTC,24,4.4637048076700525
blast,49,2025-05-18 00:00:00.000 UTC,16,5.758579305915456
worldchain,17,2025-03-02 00:00:00.000 UTC,2,21.236267337766304
zora,1,2025-02-22 00:00:00.000 UTC,1,27.174164316372195
arbitrum,78311,2025-05-15 00:00:00.000 UTC,4634,80440717.82412006
polygon,39011,2025-05-27 00:00:00.000 UTC,4933,6157163.929845871
bnb,9034,2025-03-29 00:00:00.000 UTC,1964,596897.3729511469
arbitrum,20284,2025-02-13 00:00:00.000 UTC,1098,5905468.360212408
polygon,40033,2025-05-22 00:00:00.000 UTC,5435,7977455.023602667
zora,10,2025-05-28 00:00:00.000 UTC,2,13.120025465524607
bnb,90,2025-01-29 00:00:00.000 UTC,35,2852.8148216893333
polygon,34673,2025-04-28 00:00:00.000 UTC,3880,3745010.993987611
avalanche_c,4083,2025-05-21 00:00:00.000 UTC,616,87280.48926120027
worldchain,47074,2025-05-24 00:00:00.000 UTC,166,18147.459142119562
worldchain,6499,2025-03-09 00:00:00.000 UTC,19,98.96459329836655
ink,6,2025-02-21 00:00:00.000 UTC,1,0.12711055976483637
base,88785,2025-04-07 00:00:00.000 UTC,9833,8094518.0218320405
optimism,26269,2025-05-08 00:00:00.000 UTC,2740,1243979.2366168587
unichain,176107,2025-05-17 00:00:00.000 UTC,5022,309328433.00450957
polygon,27828,2025-02-28 00:00:00.000 UTC,2908,1735133.768909385
avalanche_c,2820,2025-04-12 00:00:00.000 UTC,425,28612.389855247566
blast,15,2025-02-17 00:00:00.000 UTC,7,2.650332926978403
ethereum,2,2025-01-26 00:00:00.000 UTC,2,14.592527726144167
worldchain,32757,2025-05-12 00:00:00.000 UTC,178,11980.576675154505
avalanche_c,945,2025-02-12 00:00:00.000 UTC,181,13027.303481999714
arbitrum,26,2025-01-27 00:00:00.000 UTC,1,9.559602292912839
worldchain,2,2025-01-24 00:00:00.000 UTC,2,1.0000229050967775
ethereum,14658,2025-03-11 00:00:00.000 UTC,5511,23147998.821588326
arbitrum,29424,2025-03-17 00:00:00.000 UTC,2429,8128826.592013509
avalanche_c,456,2025-02-18 00:00:00.000 UTC,87,3273.6526448203363
ethereum,15671,2025-04-12 00:00:00.000 UTC,5621,166904609.510933
avalanche_c,239,2025-01-30 00:00:00.000 UTC,15,16969.484434832302
arbitrum,62885,2025-05-14 00:00:00.000 UTC,4502,56691647.035904825
ethereum,17219,2025-03-26 00:00:00.000 UTC,6667,55140094.17618492
polygon,24635,2025-05-02 00:00:00.000 UTC,3635,2994942.891978717
zora,386,2025-04-12 00:00:00.000 UTC,22,2815.603632937376
base,55086,2025-04-27 00:00:00.000 UTC,11117,2513761.3696498396
polygon,21413,2025-03-27 00:00:00.000 UTC,3215,969840.558961964
bnb,137799,2025-05-24 00:00:00.000 UTC,13121,71716956.27424057
unichain,8007,2025-02-24 00:00:00.000 UTC,3238,1049464.417433696
worldchain,51605,2025-04-30 00:00:00.000 UTC,103,8305.63291653174
ethereum,9818,2025-02-22 00:00:00.000 UTC,4232,14683516.037245477
optimism,10009,2025-02-22 00:00:00.000 UTC,807,116541.38398738074
polygon,22494,2025-04-01 00:00:00.000 UTC,3383,1640815.0939419013
blast,15,2025-04-15 00:00:00.000 UTC,9,0.9790499054223182
blast,28,2025-04-04 00:00:00.000 UTC,14,4.399063167553255
zora,40,2025-05-03 00:00:00.000 UTC,2,21.836844596647843
